{"type":"Topology","arcs":[[[85168,54915],[-330,340],[-230,10],[-340,-720],[-310,90]],[[83958,54635],[-60,190]],[[83898,54825],[-60,440],[70,350],[-170,570],[120,120],[-110,400]],[[83748,56705],[750,240],[190,640],[-140,310],[120,250]],[[84668,58145],[380,70]],[[85048,58215],[50,-590],[-160,-390],[790,-220]],[[85728,57015],[-200,-780],[-360,-150],[10,-330]],[[85178,55755],[-10,-840]],[[85728,57015],[150,-90]],[[85878,56925],[490,-310],[110,-910],[-10,-410],[-120,-100]],[[86348,55195],[-390,-40],[10,570],[-90,270],[-310,-260],[-390,20]],[[85688,53745],[-100,400],[-400,110],[-30,320]],[[85158,54575],[320,50],[450,210],[310,-190]],[[86238,54645],[120,-360],[-130,-480],[-190,-230],[-350,170]],[[83748,56705],[10,250],[-320,260],[-20,230]],[[83418,57445],[70,230],[210,30],[40,250],[220,70],[250,520]],[[84208,58545],[130,-300],[330,-100]],[[84798,52085],[-10,-520],[-360,-220],[100,-880]],[[84528,50465],[-520,290],[-50,-360],[-310,-100],[20,370],[-80,650],[-240,1390]],[[83348,52705],[310,-70],[160,-280],[370,-310],[270,270],[340,-230]],[[83958,54635],[10,-280],[420,-60],[170,-160]],[[84558,54135],[80,-750],[-110,-220],[220,-330]],[[84748,52835],[110,-510],[-60,-240]],[[83348,52705],[-211,440],[-260,200],[60,400],[-150,600],[190,90]],[[82977,54435],[180,70],[80,340],[271,-70],[390,50]],[[82977,54435],[-130,190],[-310,1050],[-30,280]],[[82507,55955],[-30,290],[230,330],[-40,450],[60,440],[-120,200]],[[82607,57665],[440,20]],[[83047,57685],[40,-320],[331,80]],[[84748,52835],[290,-90],[310,110]],[[85348,52855],[-10,-260],[170,-410],[-40,-370],[190,-160],[40,-480],[-130,-320],[-380,70],[-170,-490],[-210,-120],[-280,150]],[[85168,54915],[-10,-340]],[[85688,53745],[-250,-170]],[[85438,53575],[-550,370],[-120,230],[-210,-40]],[[86348,55195],[40,-360],[-150,-190]],[[85438,53575],[80,-260],[-170,-460]],[[41064,20682],[-160,-60]],[[40904,20622],[-290,100],[-360,-340],[-230,70],[-110,190]],[[39914,20642],[-180,140],[0,340],[-310,100],[-50,-180],[-511,-20],[-110,-150],[-340,-100],[-230,200]],[[38183,20972],[530,210],[-110,490],[451,10],[-10,-210],[500,70],[70,-240],[310,60],[60,250],[460,150],[310,580]],[[40754,22342],[150,-160],[460,0],[180,250]],[[41544,22432],[200,-400],[60,-560],[-150,-440]],[[41654,21032],[-330,-50],[-50,-340],[-210,40]],[[41654,21032],[-170,-930]],[[41484,20102],[-230,30],[50,300],[-240,250]],[[35203,19332],[90,-760],[450,-30],[270,-420]],[[36013,18122],[-50,-270]],[[35963,17852],[-550,-10],[-1010,540],[-170,210],[-390,330],[-290,-580],[-420,-490],[-200,-70]],[[32933,17782],[-460,170],[-360,-30],[-120,150]],[[31993,18072],[270,160],[220,250],[70,400],[-160,80],[50,510]],[[32443,19472],[470,10],[180,260],[130,380]],[[33223,20122],[120,20]],[[33343,20142],[210,60],[180,-180],[260,60],[260,-230],[340,-80]],[[34593,19772],[240,-310],[370,-130]],[[36013,18122],[210,150],[170,460],[340,630]],[[36733,19362],[130,180],[260,-60],[310,250],[490,120]],[[37923,19852],[830,-370],[80,670],[301,-70]],[[39134,20082],[630,-360],[-20,-160],[-370,-210],[310,-150],[70,-180]],[[39754,19022],[-120,-390],[-230,-230]],[[39404,18402],[-651,100],[-230,230],[-520,0],[70,-400],[-140,-520],[230,-130],[-360,-320]],[[37803,17362],[-160,-30],[-570,160],[-150,-170],[-540,-20],[-130,-90]],[[36253,17212],[-120,400],[-170,240]],[[36253,17212],[-30,-280],[-280,-100]],[[35943,16832],[-110,-150],[-390,-21],[-520,261],[-320,280],[-670,-140],[-230,-140],[-710,50],[-300,140]],[[32693,17112],[110,270],[230,260],[-100,140]],[[35943,16832],[220,-50],[-170,-281],[200,-250],[360,-10],[-70,-250],[200,-300]],[[36683,15691],[-150,-450],[-200,210],[-310,-90],[40,-160]],[[36063,15201],[-310,-190],[-290,300]],[[35463,15311],[-180,280],[20,350],[-470,-30],[-200,-120],[-670,-110],[-670,-340],[-530,160]],[[32763,15501],[130,160],[50,500],[-200,-40],[70,520],[-120,471]],[[32763,15501],[-40,-160],[420,-490],[190,-70],[100,-560],[140,-20]],[[33573,14201],[-210,-150],[-320,110]],[[33043,14161],[-470,210],[-480,-50],[-90,240],[10,400],[-490,50],[-390,120],[-240,-60]],[[30893,15071],[-130,240],[-500,-70]],[[30263,15241],[150,520],[-550,170]],[[29863,15931],[-40,200],[250,460],[360,60],[330,-130],[620,110],[470,-130],[220,581],[620,30]],[[30263,15241],[-390,-150],[-30,-170],[-460,-160]],[[29383,14761],[-260,-150],[-640,20]],[[28483,14631],[270,230],[90,290],[-300,100],[-771,460]],[[27772,15711],[491,240],[140,230]],[[28403,16181],[310,110],[170,-270],[680,-20],[300,-70]],[[35463,15311],[-130,-420],[-430,-730],[-320,120],[-220,-270]],[[34363,14011],[-220,210],[-380,70],[-190,-90]],[[36683,15691],[120,-50]],[[36803,15641],[280,-340],[710,-80]],[[37793,15221],[-130,-160],[-210,-730],[-210,-170]],[[37243,14161],[-110,120],[-740,80],[-200,-170],[-90,320],[130,160],[70,360],[-240,170]],[[30893,15071],[40,-550],[350,-180],[-330,-160],[60,-470],[220,-60],[160,-300],[-340,-30],[-210,-180],[80,-550],[-230,0],[-50,-400],[50,-480]],[[30693,11711],[-130,-180]],[[30563,11531],[-240,-140],[-280,110],[0,10],[-30,10]],[[30013,11521],[-190,270]],[[29823,11791],[-70,270],[80,570],[240,620],[-260,290],[-600,220],[330,470],[-200,290],[40,240]],[[37243,14161],[-100,-290],[80,-260]],[[37223,13611],[-190,-10],[-260,-210],[10,-400]],[[36783,12991],[-390,-170],[-450,170],[-260,-60],[-310,-250],[150,-770]],[[35523,11911],[-190,110],[-240,-330]],[[35093,11691],[-150,-30]],[[34943,11661],[-180,240],[120,220],[-380,110],[-20,240]],[[34483,12471],[150,20],[170,490],[290,80],[150,-180],[490,230],[40,360],[-600,370],[-670,-10],[-140,180]],[[37793,15221],[680,130],[70,-170],[371,-180],[40,-280],[-171,-260]],[[38783,14461],[-210,-270],[-360,-180],[-240,-220],[-750,-180]],[[33043,14161],[-60,-510],[250,-220],[-90,-520]],[[33143,12911],[-300,-160],[-450,170],[-250,-250],[-330,60],[-170,-240],[60,-340],[-210,0],[20,-590],[-140,-130]],[[31373,11431],[-370,420],[-310,-140]],[[38783,14461],[231,110]],[[39014,14571],[90,-180],[-130,-520]],[[38974,13871],[-211,-350],[-520,230],[-110,-150],[130,-210],[-10,-270],[140,-500],[470,-340],[61,-390]],[[38924,11891],[-101,-180]],[[38823,11711],[-280,0],[-420,-290],[-130,-300]],[[37993,11121],[-380,320],[120,380],[-70,490],[190,150],[-190,290],[-210,130],[-520,0],[-150,110]],[[34483,12471],[-210,50],[50,600],[100,220],[-530,-100],[-180,-460],[-570,130]],[[38974,13871],[460,140],[340,-60]],[[39774,13951],[-90,-220]],[[39684,13731],[-180,-50],[-60,-290],[110,-310],[-60,-520],[160,-160],[-280,-490],[-450,-20]],[[34943,11661],[-20,-240],[-160,-330],[-230,-170],[-240,350],[-420,0],[-370,-360],[-370,-20],[-310,-140]],[[32823,10751],[-70,400],[-260,220],[-520,-270],[-360,70],[-310,-100]],[[31303,11071],[70,360]],[[35093,11691],[250,-630],[20,-500],[-480,-130],[-30,-210],[-530,30],[-60,-370]],[[34263,9881],[-250,-70],[-160,-330],[-820,10],[-220,210],[-230,-10],[-360,-140],[-210,-330]],[[32013,9221],[480,980],[210,240],[120,310]],[[32013,9221],[-250,-120]],[[31763,9101],[-290,260],[-170,-100],[-350,130],[280,610],[-120,260],[170,500],[20,310]],[[34263,9881],[250,70],[350,-200],[100,-210],[300,-160]],[[35263,9381],[-170,-110],[-160,-380],[-380,-50],[80,-210],[410,-110],[-280,-210]],[[34763,8311],[-240,70],[-150,200],[-380,-10],[-470,-530],[-240,140]],[[33283,8181],[-480,150],[-680,130],[-250,200],[-330,90]],[[31543,8751],[220,350]],[[34763,8311],[-30,-450],[380,-180]],[[35113,7681],[-530,-400],[-200,-300],[-30,-250],[110,-180],[-190,-240],[20,-590],[-300,-401],[-290,-150]],[[33703,5170],[-410,80],[-120,681],[20,710],[-60,330],[-400,400],[50,210]],[[32783,7581],[-90,240],[630,200],[-40,160]],[[32403,4530],[-120,-210],[-380,60],[-720,290],[-460,360]],[[30723,5030],[560,711],[20,240]],[[31303,5981],[580,-240],[180,-391],[250,-370],[-80,-380],[170,-70]],[[39404,18402],[540,-20],[260,-310],[450,30]],[[40654,18102],[-420,-620],[-90,-50],[0,-140],[-60,-170]],[[40084,17122],[-190,10],[-340,-260]],[[39554,16872],[10,-241],[-20,-40],[-731,251],[-120,-291]],[[38693,16551],[-440,301],[-290,0],[60,260],[-220,250]],[[36803,15641],[150,200],[330,90],[560,-30],[220,210],[160,-50],[300,150],[210,-50],[-40,390]],[[39554,16872],[420,-120]],[[39974,16752],[0,-30],[-40,-161],[-120,-540],[20,-330],[160,-330]],[[39994,15361],[-580,-460],[-150,-220],[-250,-110]],[[37993,11121],[80,-290],[-430,-550],[-10,-10],[-10,-90],[-10,-10]],[[37613,10171],[-260,50],[-170,260]],[[37183,10481],[-210,260],[100,240],[-150,160],[-700,110],[-200,250],[-440,250],[-60,160]],[[37183,10481],[-540,-360],[-360,120],[-10,-530],[260,-50],[70,-310],[-320,-40],[-240,-140],[-780,210]],[[37613,10171],[-460,-530],[-180,-310],[-100,-410],[290,-370],[270,-200],[320,-40],[610,80],[-110,-210],[-340,110],[-390,-60],[-370,40],[-370,-50],[-1010,-420],[-520,-40],[-140,-80]],[[39994,15361],[150,-810],[-20,-630]],[[40124,13921],[-350,30]],[[39684,13731],[330,-160],[100,-170]],[[40114,13401],[80,-1550],[-40,-250],[-310,-40],[-1021,150]],[[32783,7581],[-260,-20],[-200,-890],[-340,80],[-80,-230],[-280,20],[-200,140],[-160,290]],[[31263,6971],[-220,150],[-150,280],[190,200]],[[31083,7601],[220,270],[50,480]],[[31353,8351],[190,400]],[[33703,5170],[-440,-270],[-160,-290],[-700,-80]],[[31303,5981],[-340,540],[100,90]],[[31063,6611],[200,360]],[[36733,19362],[-310,150],[140,410],[-90,140],[-420,60],[-190,-70]],[[35863,20052],[60,480],[440,210],[480,140],[350,-30],[580,-220],[240,280],[-20,170]],[[37993,21082],[230,-350],[-100,-210],[-260,-240],[60,-430]],[[39914,20642],[-760,-410],[-20,-150]],[[37993,21082],[190,-110]],[[35203,19332],[620,520],[40,200]],[[40904,20622],[80,-200],[-170,-390],[-330,-160],[-160,30],[50,-550],[-350,-40],[-270,-290]],[[41484,20102],[20,-260],[-310,-830],[-90,-390],[-450,-520]],[[29643,48804],[0,-320],[-550,-430],[140,-170]],[[29233,47884],[-130,-320],[-460,30],[-40,-150],[-320,-230]],[[28283,47214],[-741,0],[-30,590],[-220,380],[-370,-10]],[[26922,48174],[80,330],[-200,260],[430,80]],[[27232,48844],[340,-100],[691,190],[460,-120],[340,40],[580,-50]],[[42884,48054],[-160,-350],[-510,-170],[-80,-260],[80,-550],[280,20],[50,-370]],[[42544,46374],[-580,-50],[-200,40],[-80,-300],[-230,-240],[-630,180],[-250,-110]],[[40574,45894],[40,240],[-450,110],[260,570],[450,0],[-30,810],[-430,180],[-380,50],[-100,340],[290,170],[130,320]],[[40354,48684],[500,100],[190,190],[500,20],[370,-310],[160,-270],[360,-150],[320,-250],[130,40]],[[40574,45894],[-170,-10]],[[40404,45884],[-630,50],[-300,-80],[-490,160]],[[38984,46014],[40,200],[430,630],[-190,350],[-360,220],[190,110],[90,350],[-341,500],[0,210],[211,160]],[[39054,48744],[690,200],[610,-260]],[[28283,47214],[50,-150],[-180,-270],[-621,280],[-290,-420],[120,-50],[-440,-430],[70,-380]],[[26992,45794],[-250,-240],[-370,-60],[-240,190],[-750,-30],[-20,-160],[-450,-120],[-30,190],[-450,0],[-100,-270],[-230,-60],[-180,-210],[60,-210],[-440,-40],[-210,-220]],[[23332,44554],[-240,210],[-210,360],[30,620]],[[22912,45744],[420,80],[180,270],[-80,540],[-170,90],[-10,340],[-180,90],[130,300],[230,150],[250,-10],[330,280],[-40,220],[310,220]],[[24282,48314],[580,-100],[770,30]],[[25632,48244],[1290,-70]],[[51795,48204],[-270,-790],[-390,-90],[-380,210],[-1111,-70],[-10,-210]],[[49634,47254],[-260,-470],[-250,-130],[-100,-270],[-410,160]],[[48614,46544],[-480,210],[-120,260],[-590,220]],[[47424,47234],[130,490],[400,260],[170,220]],[[48124,48204],[190,-200],[470,-180],[290,220],[760,0],[-20,510],[641,240],[190,-200]],[[50645,48594],[430,-200],[720,-190]],[[34663,48044],[270,-260],[390,-40],[530,-430],[170,-240],[260,-100],[20,-190],[320,-180],[400,-410],[370,-100],[310,-190],[270,-320]],[[37973,45584],[-310,-410],[-270,20],[-800,-220],[-60,-330]],[[36533,44644],[-210,-10],[-320,410],[-280,70],[-190,280],[-330,-40],[-510,210],[40,380]],[[34733,45944],[130,150],[-180,490],[-390,220],[0,610],[-310,390],[90,330],[590,-90]],[[29233,47884],[210,30],[200,-320]],[[29643,47594],[-30,-360],[80,-260],[-110,-490],[30,-270],[-140,-390],[170,-170],[-40,-290],[-210,-50],[120,-540],[260,-190]],[[29773,44584],[-250,-240],[40,-260],[-310,-10],[-30,-410],[-180,-250],[110,-190]],[[29153,43224],[-350,-60]],[[28803,43164],[-140,230],[-300,0],[-380,-170],[-671,-40],[-70,190],[-390,280],[440,320],[160,680],[-190,220],[-180,-210],[-220,210],[-90,440],[120,100]],[[26892,45414],[200,80],[-100,300]],[[15961,44094],[-120,370],[130,310],[170,100]],[[16141,44874],[200,310]],[[16341,45184],[60,380],[-170,570]],[[16231,46134],[400,-20],[261,-150],[90,-320],[490,0],[140,-70],[510,140]],[[18122,45714],[220,-130],[-10,-290],[-220,-360],[40,-600],[-400,20],[-170,-290]],[[17582,44064],[-130,-10]],[[17452,44054],[-260,260],[110,300],[-430,120],[-371,-100],[100,-290]],[[16601,44344],[-310,60],[-330,-310]],[[29643,47594],[740,10],[570,150],[40,-560],[-170,-690],[540,-50],[830,10],[280,-170],[0,-260]],[[32473,46034],[-450,-190],[-70,-150],[-410,-130],[0,-310],[-370,-30],[-160,-250],[-580,50],[-660,-440]],[[63246,46284],[-80,200],[-360,40],[-460,-70],[-270,200],[20,360]],[[62096,47014],[270,730]],[[62366,47744],[510,-340],[470,-90],[70,200],[440,200],[190,-50]],[[64046,47664],[-20,-400],[430,-770],[-30,-220],[-350,-30],[-210,-160]],[[63866,46084],[-160,110],[-460,90]],[[60135,47414],[130,-480],[320,-200],[250,-10],[-60,-270],[441,-120],[-391,-360]],[[60825,45974],[-90,-140],[-350,40],[-270,-160],[-170,-240],[-240,-120],[-280,70],[-160,-160],[-700,100],[-430,330]],[[58135,45694],[-40,220],[250,60],[230,310],[-90,910],[150,340],[410,30]],[[59045,47564],[360,-230],[160,180],[550,0],[20,-100]],[[63246,46284],[-200,-70],[-130,-280],[-250,-50],[-260,-270],[-330,-40]],[[62076,45574],[-460,200],[-360,-160],[-431,360]],[[60135,47414],[370,-150],[330,0],[371,150],[80,-390],[290,190],[520,-200]],[[55245,46704],[-50,-140]],[[55195,46564],[-250,30],[-520,-230],[-350,70],[-340,-50],[-260,-150],[-10,-210],[-250,-520],[-290,-90]],[[52925,45414],[-20,240],[240,330],[-300,550],[210,360],[-440,0],[-180,260]],[[52435,47154],[310,60],[190,170],[380,-30],[240,110],[190,-200],[180,270]],[[53925,47534],[310,-140],[110,-270],[430,-50],[330,-370],[140,0]],[[49634,47254],[190,-230],[-40,-440],[70,-520]],[[49854,46064],[140,-330],[-200,-560],[160,-250],[281,-190],[170,-320],[-140,-210]],[[50265,44204],[-351,-580]],[[49914,43624],[-1090,220],[-50,300],[120,190],[-70,450],[130,310],[-360,420],[150,230],[-80,230],[-50,570]],[[52925,45414],[-60,-150],[280,-210]],[[53145,45054],[-50,-110]],[[53095,44944],[-110,-120],[-410,210],[-260,-50],[-210,-280],[-420,-200],[-40,-170],[-280,-120],[-180,110],[-260,-100],[-660,-20]],[[49854,46064],[641,590],[310,-210],[520,40],[290,250],[230,-260],[410,120],[-60,330],[240,230]],[[23332,44554],[-130,-300],[-260,230],[-360,-380],[70,-180],[-220,-440]],[[22432,43484],[-1200,130],[-150,-260],[300,-120],[40,-230],[-710,-230],[-160,-300],[-330,110],[-330,0],[-300,220],[-210,-330],[-250,-140],[-300,-40]],[[18832,42294],[-450,460]],[[18382,42754],[-110,130],[-150,840],[-340,120],[-200,220]],[[18122,45714],[230,320]],[[18352,46034],[480,-310],[130,-200],[310,0],[320,180],[120,360],[150,-20],[80,390]],[[19942,46434],[270,-20],[470,90],[760,-70],[190,-130],[350,120],[430,-210],[-50,-260],[550,-210]],[[55195,46564],[280,-160],[40,-220],[690,-250],[260,-220],[440,-60]],[[56905,45654],[-290,-570],[-580,-120]],[[56035,44964],[-420,450],[-70,390],[-310,70],[-180,-300],[-1200,10],[-260,-250],[60,-240],[-510,-40]],[[42544,46374],[70,-490],[-210,-310],[330,20],[-90,-640],[120,-200],[-780,-290],[120,-360],[250,30],[140,-140]],[[42494,43994],[-50,-530],[-210,-380],[260,-20],[60,-200],[370,-180]],[[42924,42684],[150,-290],[610,-320],[-140,-510]],[[43544,41564],[-350,-250],[-470,70],[-120,290],[-330,-200],[-300,-500],[-210,-140],[-10,-240],[-200,-420],[270,-320],[-260,-270],[10,-150]],[[41574,39434],[-540,-130],[-340,300],[-360,180]],[[40334,39784],[160,130],[-70,560],[-280,220],[240,190]],[[40384,40884],[170,790],[-110,240],[-280,130],[-190,230]],[[39974,42274],[-90,490],[-150,290],[230,250],[-70,390],[230,60],[220,-190],[250,240],[-80,240],[70,320],[-150,250],[100,210],[-160,670],[30,390]],[[32473,46034],[160,-270],[-30,-240]],[[32603,45524],[80,-90],[-340,-460],[130,-440],[190,-60],[10,-480],[-310,-240],[-180,230],[-530,-170],[-290,-450]],[[31363,43364],[-240,210],[-380,-140],[-230,250],[-900,-240],[-110,-200],[-350,-20]],[[62076,45574],[-110,-140],[80,-500],[-80,-70]],[[61966,44864],[-810,40],[100,-300],[380,-240],[-30,-230],[130,-300]],[[61736,43834],[-190,-50],[-150,220]],[[61396,44004],[-691,830],[-320,260],[-240,-100],[-310,-370],[-340,50],[-670,-90]],[[58825,44584],[130,290],[-710,40],[-1060,490]],[[57185,45404],[170,180],[600,-10],[180,120]],[[39974,42274],[-220,100],[-931,-360],[-360,250],[-380,50],[-220,-440],[-320,240],[-540,60]],[[37003,42174],[60,350],[-330,110],[-60,240]],[[36673,42874],[220,-80],[230,230],[340,40],[120,630],[-530,530],[-110,270],[-360,-10],[-50,160]],[[37973,45584],[340,10],[110,220],[280,30],[281,170]],[[36673,42874],[-910,190],[-490,-20],[-170,220],[-260,100]],[[34843,43364],[-340,-40],[-860,40],[-360,-380],[50,-160],[570,-180],[200,-180],[310,40],[30,-300],[-410,-330],[-550,250],[-370,-280],[-170,200],[-340,150],[-150,300],[-500,120]],[[31953,42614],[-330,580],[-260,170]],[[32603,45524],[440,-80],[670,160],[220,250],[310,-60],[490,150]],[[56035,44964],[100,-480],[160,-250]],[[56295,44234],[-340,-110],[-120,90],[-310,-470],[90,-230],[250,-10],[0,-320],[-280,-30],[-360,110],[-310,-60],[-80,-410],[270,-240],[-20,-300]],[[55085,42254],[-350,180],[-650,20]],[[54085,42454],[-330,250],[-260,20],[-410,-190],[-100,510],[-310,140],[110,240],[-220,100]],[[52565,43524],[320,460],[410,10],[250,370],[-210,80],[-50,430],[-190,70]],[[28803,43164],[-80,-80]],[[28723,43084],[-90,-90],[10,-400],[-130,-50],[-30,-400],[-230,-10],[-40,-220],[-260,-120],[-80,-330],[-191,-200]],[[27682,41264],[-350,110],[-550,-50],[-110,330],[-550,-110],[-500,90]],[[25622,41634],[170,610],[-190,100],[110,220],[-20,340],[100,450],[-40,330],[-170,0],[170,590],[420,880],[250,20],[140,340],[330,-100]],[[56905,45654],[280,-250]],[[58825,44584],[-20,-170],[-340,-20],[-40,-300],[510,190],[70,-390],[250,-330],[-120,-150],[-880,-70],[-130,100],[-630,-120]],[[57495,43324],[-130,310],[-350,320],[110,420],[-430,210],[-400,-350]],[[42494,43994],[130,250],[240,160],[210,-110],[120,330],[270,60],[100,250],[450,240]],[[44014,45174],[540,-270],[250,140],[350,470],[290,-30]],[[45444,45484],[160,-130],[480,20],[320,-130],[350,-510],[-70,-310],[140,-210]],[[46824,44214],[-460,-120],[-320,210],[-460,-160],[-220,-330],[-320,-80],[120,-270],[270,-200],[-110,-330]],[[45324,42934],[-740,-80],[-250,-160],[-260,350],[-200,60],[-210,350],[-150,30],[-330,-310],[-260,-490]],[[61396,44004],[-621,20],[-50,240],[-620,-130],[-90,-250],[-430,-350],[40,-360],[-430,100],[-370,-320],[-260,-60],[-240,-310]],[[58325,42584],[-150,210],[-460,220],[-220,310]],[[52565,43524],[-310,-120],[170,-610],[-290,-390],[-360,-240],[-270,-300],[-390,350],[-310,-370],[-210,-700],[-160,-140]],[[50435,41004],[-50,30]],[[50385,41034],[-120,390],[-220,20],[-231,300],[-420,410],[-70,230],[160,540]],[[49484,42924],[350,180],[80,520]],[[61966,44864],[500,0],[200,-120],[510,40],[410,-140],[180,120]],[[63766,44764],[-330,-230],[-500,-280],[-560,-650]],[[62376,43604],[-340,190],[-300,40]],[[62376,43604],[-480,-270],[-1171,-290],[-710,-220],[-1110,-520],[-610,-400]],[[58295,41904],[30,680]],[[22432,43484],[-270,-550],[430,0],[450,-440],[120,30],[920,-220],[350,-220],[250,-60],[120,-350],[380,90]],[[25182,41764],[190,-160],[-40,-330],[-400,-260],[160,-380],[-480,50],[-80,-210],[-340,200],[-70,-190],[-320,60],[-440,260],[-100,-320],[-300,-340],[730,-560],[400,-410],[180,330],[230,-40],[180,250],[180,-110],[690,-240]],[[25552,39364],[-420,-300],[-160,-251],[-350,-30]],[[24622,38783],[-240,60],[-460,-160],[-60,-200],[-600,-170],[-280,-150]],[[22982,38163],[-80,160],[-890,410],[110,140],[-370,301],[20,150],[-320,390],[-710,750],[200,300],[-50,260],[-640,160],[-110,360],[-220,-70],[-530,160]],[[19392,41634],[-300,160],[80,160],[-320,190],[-20,150]],[[50385,41034],[-180,-170],[-351,130],[-290,-110],[-340,140],[-390,-120],[-170,70],[-500,-210]],[[48164,40764],[-150,260],[90,750],[-210,0],[-90,290],[-250,-30]],[[47554,42034],[110,400],[20,540],[-270,30],[-60,190],[-340,140],[-80,170],[100,320],[0,10]],[[47034,43834],[240,170],[250,-180]],[[47524,43824],[170,30],[390,-240],[290,-40],[260,-450],[350,240],[290,-100],[210,-340]],[[31953,42614],[40,-630],[-310,-510],[-230,60],[-450,-420],[-80,-480],[-250,90]],[[30673,40724],[-370,690],[-300,120],[-130,510],[210,440],[-410,90],[-360,290],[-590,220]],[[54085,42454],[130,-340],[-110,-450],[230,-60],[20,-290],[-140,-250],[190,-270],[-290,-440],[-530,70]],[[53585,40424],[-160,-80],[30,-280]],[[53455,40064],[-320,620],[-190,0],[-430,-210],[-70,-260],[-380,210]],[[52065,40424],[-240,340],[-150,-320],[-340,370],[-380,-250],[-60,200],[-460,240]],[[34843,43364],[200,-430],[-70,-220],[-230,-70],[100,-280],[10,-410],[-330,-180],[-60,-370]],[[34463,41404],[-60,-260],[-460,110],[-330,240],[-280,-130],[-10,-410],[-210,-350],[150,-550],[360,-210]],[[33623,39844],[-370,-130],[-180,-400],[-190,-50],[30,-370]],[[32913,38894],[-490,-21],[-40,-340],[-200,-240],[80,-270]],[[32263,38023],[-290,-100],[-190,130],[20,300],[-330,170],[-180,-70]],[[31293,38453],[110,410],[-100,221],[-390,110],[-10,180],[-360,-60],[30,290],[-220,190]],[[30353,39794],[-120,350],[230,-10],[210,590]],[[45324,42934],[0,-160],[380,-140],[-200,-690],[170,-30],[-20,-310],[-440,-190]],[[45214,41414],[-150,50],[-580,-260]],[[44484,41204],[-590,-60],[-10,240],[-340,180]],[[30353,39794],[-410,10],[-500,-270]],[[29443,39534],[-470,410],[0,230],[-370,30],[-400,670],[10,250],[-531,140]],[[22982,38163],[40,-290],[360,60],[250,-250],[310,30],[-60,-430],[-160,-150],[220,-270],[-210,-120],[-640,160],[-530,260]],[[22562,37163],[-180,120],[-670,-70],[-360,170],[-180,-100],[-620,220],[-730,80],[-160,-420],[-690,0]],[[18972,37163],[-220,250],[210,220],[-380,110],[-20,120],[-400,200],[-70,320],[30,330],[-290,191],[220,320],[-110,220],[50,240],[200,260],[110,300],[240,220],[-20,320]],[[18522,40784],[30,160],[330,90],[510,600]],[[29443,39534],[40,-170],[-480,-80],[-340,-200],[-750,-180]],[[27913,38904],[-591,100],[-160,-60],[-400,230],[-1210,190]],[[25182,41764],[440,-130]],[[16171,39914],[-120,130],[130,480],[-180,260],[-10,450]],[[15991,41234],[410,-60],[260,-300],[-80,-550]],[[16581,40324],[-210,-30],[50,-100],[-250,-280]],[[52065,40424],[-110,-150],[330,-330],[-710,-400],[-240,110],[-460,-580],[150,-211],[-90,-290],[200,-180]],[[51135,38393],[-370,-140],[-250,70],[-300,230],[-120,-360],[-631,-220],[70,300],[-420,530],[-200,-140]],[[48914,38663],[-40,261],[-170,200],[-180,-160],[-480,210],[-270,320]],[[47774,39494],[230,170],[60,380],[230,50],[-130,670]],[[53585,40424],[330,-670],[500,0],[180,-190],[460,140],[320,-40],[400,450],[-40,80]],[[55735,40194],[310,330],[260,-90],[110,210],[270,110]],[[56685,40754],[210,-150],[-550,-600],[-170,-340],[-200,-160],[-480,-610],[-700,-601],[-70,-200],[-660,-340],[-930,-430]],[[53135,37323],[-200,260],[240,410],[-300,240],[-20,480],[180,181],[-290,130],[-40,380],[520,320],[420,100],[-190,240]],[[53135,37323],[-490,-430]],[[52645,36893],[-380,50],[-10,310],[-450,-170],[-230,-530],[-200,0],[-120,310],[-360,120],[0,190],[500,520],[390,80],[-650,620]],[[31293,38453],[-60,-170],[-630,-720],[-380,120],[-110,-230],[110,-260],[-160,-100],[50,-310],[-490,-130],[-120,80]],[[29503,36733],[-230,60],[20,250],[-280,120],[-590,10],[-150,180],[-350,70],[130,720],[-170,310],[30,451]],[[29503,36733],[170,-250],[-260,-140],[-100,-330]],[[29313,36013],[-100,120],[-450,140],[-120,-330],[-210,-60]],[[28433,35883],[-540,280],[-361,-90],[-120,220],[-430,-50],[50,250],[-490,60],[-120,440],[240,80],[240,-100],[130,230],[-270,270],[30,350],[-170,420],[-660,120],[-460,-520],[-140,-340],[-310,230],[-170,410],[-290,350],[30,290]],[[48914,38663],[-220,-210],[70,-180],[-230,-600],[120,-40],[-110,-420],[-230,-180],[-280,200],[-470,60],[-180,-190]],[[47384,37103],[-570,-180],[-320,-270],[-340,-170],[-750,-20]],[[45404,36463],[10,250],[280,270],[-10,250],[150,330],[20,290],[440,350],[310,30],[70,210],[480,501],[-40,300]],[[47114,39244],[660,250]],[[28433,35883],[-330,-150],[0,-420],[140,-110],[40,-400],[-531,170],[-520,-100]],[[27232,34873],[-490,-40],[-130,250],[-280,-90],[-610,340],[-210,-310],[110,-250]],[[25622,34773],[-300,-220],[-330,80],[-620,-160],[-540,100],[-540,-260],[-130,180],[260,240],[260,410],[-340,300],[160,120],[-260,270]],[[23242,35833],[-130,320],[-620,260],[-180,230],[250,520]],[[52645,36893],[-340,-310],[-250,-430],[-630,-540],[-480,-180],[-100,-110],[-991,-430],[-540,-310]],[[49314,34583],[-90,160],[290,520],[-470,200],[-180,-160],[-230,90],[-140,310],[-250,170],[-780,0],[50,370],[-190,220],[240,400],[-180,240]],[[32263,38023],[180,-50]],[[32443,37973],[-130,-270],[120,-340],[-180,-120],[380,-280],[-240,-210],[-170,-420],[-290,-280],[-30,-360]],[[31903,35693],[-450,30],[-130,110],[-640,100],[-640,-40],[-730,120]],[[23242,35833],[-160,-380],[-190,-190],[-380,80],[-30,-280],[-540,80],[-100,-120],[-730,130],[-100,-420],[100,-290],[-130,-210],[-730,-170],[-310,140],[-370,310],[-470,110]],[[19102,34623],[-100,430],[100,310],[170,230],[-200,430],[-400,130],[110,230],[-100,270]],[[18682,36653],[290,510]],[[19102,34623],[40,-300]],[[19142,34323],[340,-280],[90,-200],[-130,-320],[-290,-320],[350,-200],[140,-400]],[[19642,32603],[-290,-150],[-500,-70],[-80,-130],[-440,-160],[-420,120]],[[17912,32213],[20,280],[-160,380],[40,250],[-140,280],[70,310],[-30,430],[-220,490],[70,190],[-210,210],[-20,650],[-450,1320]],[[16882,37003],[240,-10],[200,260],[390,40],[290,-480],[460,-240],[220,80]],[[31903,35693],[80,-30],[90,-30],[650,-180]],[[32723,35453],[-590,-270],[-90,-250],[-360,-440],[-50,-210],[340,-160],[110,-220],[-100,-290]],[[31983,33613],[-30,-230]],[[31953,33383],[-400,160],[-600,20],[-510,-140],[-120,-290],[-240,30],[-140,250],[-460,-380],[-470,-50],[-460,-170]],[[28553,32813],[-320,190],[20,290],[220,460],[-260,390],[20,170],[-430,-50],[-401,310],[-170,300]],[[25622,34773],[170,-110],[-100,-330],[160,-190],[-20,-450],[-470,-30],[-220,60],[-420,-110]],[[24722,33613],[-210,0],[-50,-300],[-280,-70],[-320,360],[-640,-290],[60,-300],[-240,0],[-520,-190]],[[22522,32823],[-240,240],[-520,260],[-230,-70],[-390,170],[-770,20],[-150,270],[-590,550],[-490,60]],[[22522,32823],[-230,-430],[-200,-100],[-90,270],[-780,-270],[60,-330],[-60,-420],[200,-220],[360,-40],[0,-330],[-370,-230],[310,-130],[-260,-450],[-140,-460],[-360,-60],[-100,120]],[[20862,29743],[-350,130],[-120,420],[80,190],[-330,110],[-20,180],[-290,140],[110,360],[-170,40],[-200,290],[190,340],[-200,330],[80,330]],[[43464,29493],[220,710],[-40,480],[-290,710],[-420,470],[-40,160],[-650,380],[-350,0],[-790,220],[-40,490],[-190,50]],[[40874,33163],[-110,330],[60,170]],[[40824,33663],[450,170],[400,-160],[60,-310],[840,-370],[-20,220],[130,280],[-230,140],[-580,50],[480,310],[260,270],[400,-220],[500,-150],[110,100]],[[43624,33993],[280,-60],[-80,-310],[210,-430],[-80,-660],[150,-220],[590,200],[160,-100],[320,320],[40,-520],[330,-430],[390,-170]],[[45934,31613],[-550,-20],[-430,-210],[-180,-230],[-230,-770],[-450,-410],[-20,-320],[-240,-130],[-370,-30]],[[24722,33613],[-20,-280],[200,-20],[-30,-330]],[[24872,32983],[-80,-160],[-330,-80],[-20,-280],[-350,-70],[-140,-260],[-370,110],[-70,-290],[190,-440],[300,40],[60,-160],[300,-80],[170,-190],[-30,-260],[550,-20],[-60,-210],[110,-540]],[[25102,30093],[-300,-270],[-210,20],[-50,-400]],[[24542,29443],[-290,-140],[-320,80],[-180,-130],[-310,70],[-460,-150],[-60,-340],[-260,-300]],[[22662,28533],[-420,-190],[-240,190],[-400,-50],[-20,210],[-270,180],[-220,10]],[[21092,28883],[-140,480],[-410,-50]],[[20542,29313],[20,230],[300,200]],[[31953,33383],[60,-320],[-170,-220],[90,-350],[-120,-320],[-600,-150],[160,-210]],[[31373,31813],[-390,80],[-60,130],[-500,240],[-130,-140],[-350,-50],[-100,-190],[-330,-70],[-900,-390],[-510,-320]],[[28103,31103],[-110,300],[110,470],[350,30],[-100,680],[200,230]],[[24872,32983],[370,-560],[20,-460],[460,-40],[1100,-480],[240,10],[140,-300],[591,-140]],[[27793,31013],[210,-310],[90,-460],[-160,-100]],[[27933,30143],[-191,130],[-270,-160],[-300,40],[70,340],[-360,-70],[0,-420],[-330,240],[-100,-310]],[[26452,29933],[-380,-80],[-320,90],[-390,-30],[-260,180]],[[20542,29313],[-430,-130],[-180,430],[-220,30],[-640,-80]],[[19072,29563],[-330,600],[-270,90],[-340,1110],[-140,300],[-80,550]],[[43464,29493],[-190,530],[-320,60],[-490,-110],[-410,-170]],[[42054,29803],[-130,320],[0,250],[-260,270],[-250,-70],[-320,40],[-460,310],[-420,50],[-30,-410],[150,-210],[-150,-160],[-270,70],[-150,-260],[-310,200],[-330,90],[50,190],[-120,520],[100,370],[-411,90],[-260,-230],[-530,-20]],[[37953,31213],[-20,430]],[[37933,31643],[30,510],[130,180],[550,50],[100,120],[321,50],[470,200]],[[39534,32753],[390,100],[290,-90],[240,-200],[370,360],[50,240]],[[49314,34583],[-770,-630],[-240,-400],[0,-200],[390,-70],[-150,-640],[-10,-340],[-280,-50],[-940,-480],[-370,-80],[-460,-200]],[[46484,31493],[-50,360],[190,10],[310,230],[40,350],[-390,640],[-70,400],[80,160],[-360,800],[130,320],[-220,90],[-180,360],[-210,140],[-320,-60],[-320,80],[-200,250],[-400,60],[-450,210],[-320,-30]],[[43744,35863],[-90,330],[300,140],[290,-150],[90,210]],[[44334,36393],[280,200],[340,-150],[450,20]],[[48094,32893],[50,-50],[130,-10],[100,-80],[10,90],[-290,50]],[[31373,31813],[430,-140],[260,60],[350,-140]],[[32413,31593],[-320,-400],[50,-970]],[[32143,30223],[-910,120],[-600,-180],[-160,-240]],[[30473,29923],[-280,-250],[-90,-200],[-280,-240],[-80,-260]],[[29743,28973],[-420,160],[10,170],[-320,170],[-510,110],[-70,520],[-500,40]],[[27793,31013],[310,90]],[[42054,29803],[-350,-250],[-220,-300],[-150,-520],[-280,-350],[-290,-1191]],[[40764,27192],[-260,40],[-630,-130],[-150,170],[-580,40],[-1041,200],[-450,-20],[-130,-170]],[[37523,27322],[-20,410],[-1050,91],[-60,-51]],[[36393,27772],[-80,471],[120,310],[0,810],[130,660],[350,330],[40,520]],[[36953,30873],[-60,200],[420,190],[440,-110],[200,60]],[[32143,30223],[500,-140],[490,-30],[280,100],[670,-210],[320,50],[250,380]],[[34653,30373],[20,120]],[[34673,30493],[530,220],[480,-110],[170,140],[480,-250],[620,380]],[[36393,27772],[10,-430],[-450,-420],[-380,90],[-120,270],[-220,-10],[-440,130],[-240,-380],[-300,10]],[[34253,27032],[-340,130],[-60,370],[-680,100],[-230,-40],[-290,351],[-280,-160],[-190,120],[-560,0],[-240,-311],[-460,30]],[[30923,27622],[-110,291],[90,220],[-300,110],[-100,360],[-10,660],[180,80],[-200,580]],[[29743,28973],[-70,-160],[-610,-190],[-410,-320],[-440,-60],[-250,-340],[-351,40],[-320,-241],[-490,-80]],[[26802,27622],[-210,501],[-80,390],[-140,140],[250,520],[-90,350],[330,-120],[240,300],[-370,70],[-280,160]],[[26802,27622],[-140,-210],[-710,-420]],[[25952,26992],[-240,140],[-310,-40],[-30,180],[-390,170]],[[24982,27442],[50,381],[-60,330],[270,230],[-40,540],[160,10],[90,370],[-230,180],[-250,-160],[-430,120]],[[21092,28883],[-90,-100]],[[21002,28783],[-250,-180],[-420,-90],[-80,230],[-240,200],[-90,-350]],[[19922,28593],[-580,200],[-270,770]],[[30923,27622],[-150,-350],[-440,-60],[-630,270],[-130,-360]],[[29573,27122],[-290,-330],[120,-70],[-230,-510],[-260,-410],[-200,-90]],[[28713,25712],[-290,70],[-310,350],[-511,40],[-190,560],[-550,130],[-570,-130],[80,-300],[-220,-140]],[[26152,26292],[-330,240],[130,460]],[[24982,27442],[-610,80],[-530,-110]],[[23842,27412],[-660,-80],[-200,280],[270,381],[-70,190],[-520,350]],[[23842,27412],[70,-470],[-210,-520],[30,-420]],[[23732,26002],[-100,-260],[-410,-130],[-80,-310],[240,-120],[-200,-600],[-330,30],[-440,-140],[-90,-290],[100,-360]],[[22422,23822],[-290,-200]],[[22132,23622],[-230,200],[-160,670],[-90,110],[-160,640],[-140,300],[-290,390],[-20,310],[-500,210],[-110,380]],[[20432,26832],[400,90],[320,380],[-80,180],[150,301],[-190,180],[220,130],[-10,290],[-160,70],[-80,330]],[[20432,26832],[-350,510],[-330,991],[170,260]],[[26152,26292],[130,-180],[70,-380],[-70,-180],[-370,-60],[-160,-210],[-140,-450],[-240,-50]],[[25372,24782],[-620,360],[-10,320],[-280,320],[-260,140],[-470,80]],[[34253,27032],[-290,-610],[300,-270],[-460,-680],[360,-310],[610,-330],[470,-30],[-60,-270],[190,-310],[20,-370]],[[35393,23852],[-270,-190],[-390,-150],[-120,-380],[-380,30]],[[34233,23162],[-40,250],[-390,30],[-100,290],[-540,-150],[-110,-310],[-540,-170],[-570,-280]],[[31943,22822],[50,250],[-130,280],[-360,-40],[-500,120],[-80,-210],[-320,-200],[-290,270],[220,350],[-380,320],[60,220]],[[30213,24182],[-180,240],[370,100]],[[30403,24522],[80,-450],[500,-170],[500,60],[260,-400],[130,130],[-150,230],[10,520],[370,-60],[-80,450],[-240,140],[-150,-200],[-770,200],[-80,-360],[-380,30]],[[30403,24642],[-410,370],[60,470],[-330,130],[-140,240],[40,260],[210,360],[100,590],[-360,60]],[[40754,22342],[-270,560],[-300,-10],[-60,210],[-830,280],[-60,230],[-501,-100]],[[38733,23512],[-30,430],[60,250],[-60,480],[-490,790],[-170,360],[-180,80],[-10,310],[-360,890],[30,220]],[[40764,27192],[240,-890],[300,-500],[-100,-780],[-130,-400],[50,-620],[380,-850],[-80,-420],[120,-300]],[[30403,24642],[0,-120]],[[30213,24182],[-210,-160],[-130,-280],[-430,-210],[140,-390],[-490,-160],[-570,-470],[-340,-30]],[[28183,22482],[-280,80],[-181,360],[-240,60],[-170,430],[-240,120]],[[27072,23532],[50,140],[60,930],[250,110],[70,210],[-60,350],[240,100],[251,-170],[610,150],[170,360]],[[27072,23532],[-260,-270],[-260,-20]],[[26552,23242],[-240,950],[-690,-140],[-390,160],[-310,40],[450,530]],[[26552,23242],[-1150,-270],[-120,120],[-290,-200],[-20,-170],[-240,-240],[-340,80],[-60,-260],[-290,-210]],[[24042,22092],[-360,350],[-130,560],[-240,100],[-70,290],[-230,130],[-440,30],[-150,270]],[[24042,22092],[-100,-350],[190,-510],[130,-80]],[[24262,21152],[-190,-180],[-530,110],[-400,-200],[-180,110],[-170,-190]],[[22792,20802],[-200,800],[-160,1060],[-300,960]],[[28183,22482],[30,-110]],[[28213,22372],[-451,-260],[-240,0],[-70,-210],[-340,-100],[-90,-380],[-390,20],[-590,-270],[90,-160],[-150,-320],[-230,-20],[-290,-380]],[[25462,20292],[-150,200],[10,290],[-370,150],[-100,230],[-290,-190],[-300,180]],[[34233,23162],[-20,-240],[280,-280],[-20,-200]],[[34473,22442],[50,-320],[-260,-220],[-10,-390],[-590,-10],[-80,-130]],[[33583,21372],[-430,60],[60,210],[-580,240],[-770,220],[-160,160]],[[31703,22262],[-70,380],[310,180]],[[28213,22372],[190,-320],[-240,-300],[70,-530],[350,-160],[0,-190],[450,-70],[100,-220]],[[29133,20582],[-190,-520],[-300,-130],[-350,120],[-130,-200],[-20,-420]],[[28143,19432],[-120,-150],[-301,110],[-360,-390],[-330,150]],[[27032,19152],[-280,190],[100,270],[-290,410],[-160,-540],[-570,80]],[[25832,19562],[-170,340],[20,190],[-220,200]],[[33343,20142],[0,340],[120,420],[190,90],[-70,380]],[[34473,22442],[440,90],[260,-30],[-100,-260],[-30,-480],[270,-180],[490,-110],[-250,-700],[-160,-290],[-380,-110],[-150,-270],[-200,0],[-70,-330]],[[33223,20122],[-220,260],[50,300],[-190,520],[-620,130],[-220,-30],[-170,-450],[-340,-370]],[[31513,20482],[-50,440],[-380,250]],[[31083,21172],[-70,150],[150,280],[380,50],[40,420],[120,190]],[[25832,19562],[-80,-210],[90,-270],[-180,-130],[-420,-90],[-260,50]],[[24982,18912],[-470,80],[-570,520],[-450,190],[-380,70]],[[23112,19772],[-160,290],[-160,740]],[[32443,19472],[40,140],[-240,210],[-420,170],[-270,200],[-40,290]],[[24982,18912],[-180,-280],[200,-140],[-30,-270]],[[24972,18222],[-720,-320],[-130,-340]],[[24122,17562],[-420,990],[-90,90],[-500,1130]],[[27032,19152],[-370,-570],[320,-230],[70,-260],[380,-190],[190,-470],[-260,-230]],[[27362,17202],[-380,-160],[-230,30]],[[26752,17072],[-220,40],[-260,340],[-540,300],[-210,30],[-310,440],[-240,0]],[[28403,16181],[-20,290]],[[28383,16471],[560,541],[0,210],[740,0],[410,130],[340,450],[370,110],[-40,150]],[[30763,18062],[190,230],[550,-10]],[[31503,18282],[350,-70],[140,-140]],[[27772,15711],[-310,-260]],[[27462,15451],[-360,170],[-440,330],[-30,240],[-340,260],[-20,120]],[[26272,16571],[50,221],[400,-50],[30,330]],[[27362,17202],[0,-400],[320,10],[381,-371],[320,30]],[[27462,15451],[-210,-470],[-770,-340],[-100,-270]],[[26382,14371],[-440,1000],[-270,170],[-220,740]],[[25452,16281],[380,190],[440,100]],[[28483,14631],[-120,-270],[-210,-100],[-90,-510],[-301,-160],[-210,90],[-430,-220],[90,-390]],[[27212,13071],[-390,-140]],[[26822,12931],[-160,350],[-280,1090]],[[29823,11791],[-720,130],[-120,180],[-390,170],[-210,360],[190,520],[-390,-30],[-511,80],[-150,-200],[-310,70]],[[30013,11521],[-280,90],[-380,-70],[-960,100],[-350,-370],[-341,40]],[[27702,11311],[-180,-40],[-200,660],[-500,1000]],[[31353,8351],[-250,500],[-190,70],[-320,-80],[-300,70]],[[30293,8911],[-300,240],[10,580],[-270,240],[-610,220]],[[29123,10191],[520,590],[290,200],[200,280],[510,-10],[-80,280]],[[29123,10191],[-170,-110],[-420,80],[-290,-30]],[[28243,10131],[-260,170],[-50,-330]],[[27933,9971],[-391,1300],[160,40]],[[28243,10131],[70,-960],[250,50],[170,-530]],[[28733,8691],[10,-160],[420,-40],[170,-540],[-200,-120]],[[29133,7831],[-250,-100],[-270,40]],[[28613,7771],[-450,870],[-100,320],[-130,1010]],[[30293,8911],[-170,-170],[-240,140],[-720,70],[-430,-260]],[[31083,7601],[-330,80],[-600,260],[-310,-270],[-510,-10],[-200,170]],[[31063,6611],[-500,250],[-90,-230],[-310,-50],[-410,320],[-180,-220],[-270,-50]],[[29303,6631],[-460,420],[-230,720]],[[30723,5030],[-480,430],[-880,1051],[-60,120]],[[43624,33993],[10,300],[210,190]],[[43844,34483],[180,-90],[610,130],[60,310],[290,-20],[120,300],[-990,360],[-370,390]],[[46484,31493],[-550,120]],[[45214,41414],[110,-50]],[[45324,41364],[-110,-240],[200,-130],[350,40],[-50,-390],[140,-160],[-220,-300],[310,-110],[240,-330],[290,80],[230,-210],[-360,-400]],[[46344,39214],[-160,270],[-190,20],[-90,-440],[-190,60],[-410,-641],[-370,160],[-270,200]],[[44664,38843],[-70,501],[130,190],[130,720],[-90,710],[-230,0],[-50,240]],[[47114,39244],[-450,-220],[-320,190]],[[45324,41364],[550,-270],[250,170],[190,300],[440,-40],[-10,330],[250,330],[560,-150]],[[46824,44214],[210,-380]],[[47524,43824],[280,180],[270,500],[-250,120],[-80,390],[-210,390],[-140,640],[-200,100],[-190,690]],[[47004,46834],[420,400]],[[47004,46834],[-180,-50],[-220,210],[-470,40]],[[46134,47034],[-110,330],[160,130],[-290,280],[40,280]],[[45934,48054],[290,240],[20,470],[170,180]],[[46414,48944],[200,-60],[510,50],[100,-350],[900,-380]],[[46134,47034],[-80,-270],[-400,-230]],[[45654,46534],[-190,-70],[10,510],[-900,240]],[[44574,47214],[180,90],[-30,390],[-170,-40],[150,590],[40,420]],[[44744,48664],[510,90],[300,-190],[180,-440],[200,-70]],[[18522,40784],[-590,10],[-350,-230],[-250,160],[-440,-40],[-10,-260],[-301,-100]],[[15991,41234],[50,130]],[[16041,41364],[340,-50],[200,370],[341,260],[530,270],[250,430],[680,110]],[[37003,42174],[-40,-290],[-250,-50],[10,-560]],[[36723,41274],[-330,0],[-290,130],[-350,-100],[-210,-230],[-410,-130],[-310,270],[-360,190]],[[35603,34993],[-260,-160],[-190,200],[40,180]],[[35193,35213],[370,10],[40,-230]],[[38243,39754],[-240,-220],[-230,20],[-180,-310]],[[37593,39244],[-420,20],[-100,-300]],[[37073,38964],[-370,40],[-490,170],[-120,-50]],[[36093,39124],[-310,320],[-130,310],[-20,440]],[[35633,40194],[340,100],[200,170],[230,-70],[280,200],[350,10]],[[37033,40604],[260,10],[210,-180],[100,-270],[240,-240],[400,-170]],[[38974,36383],[-91,-430],[291,-140]],[[39174,35813],[-210,-110],[90,-210]],[[39054,35493],[-531,-40],[-40,-100]],[[38483,35353],[-390,-40],[-360,390],[-70,280],[-360,130],[-120,270],[-420,100]],[[36763,36483],[180,130],[590,30],[210,390],[250,0]],[[37993,37033],[140,-130],[801,-290],[40,-230]],[[41904,39074],[280,70],[620,-361],[240,-270],[140,-430],[30,-460]],[[43214,37623],[-730,-180],[-380,-180],[-130,70],[-420,-460]],[[41554,36873],[-410,460],[-240,-40],[-300,120]],[[40604,37413],[-190,-80],[-330,170]],[[40084,37503],[50,410],[230,490],[1000,-60],[60,551],[480,180]],[[32413,31593],[230,70]],[[32643,31663],[390,-190],[530,-370],[60,-250],[720,-550],[310,70]],[[32913,38894],[170,-191],[510,-20],[280,-180],[60,270],[760,-220],[420,0],[210,100],[290,-60]],[[35613,38593],[60,-420],[-90,-190],[160,-190]],[[35743,37793],[0,-130]],[[35743,37663],[-460,-60],[-170,-140],[-240,190],[-460,-270],[-370,-120],[-320,180],[-270,-80]],[[33453,37363],[-100,320],[-340,0],[-160,230],[-410,60]],[[37593,39244],[410,-310],[20,-401],[240,110],[610,-310],[281,130]],[[39154,38463],[-10,-530]],[[39144,37933],[-311,-110],[-40,-220],[-550,-110]],[[38243,37493],[-190,170],[-280,-80],[-190,210],[90,160],[-390,150]],[[37283,38103],[20,170],[-350,360],[120,331]],[[40824,33663],[-60,270],[-540,400],[70,270],[-330,230]],[[39964,34833],[640,240],[210,-170],[190,40],[410,570],[-90,90]],[[41324,35603],[570,30],[210,-230],[50,-280],[190,-150],[310,50],[310,-280],[600,220],[60,-330],[220,-150]],[[40384,40884],[-860,140],[-210,250],[-330,30],[100,-280],[-291,-100],[-380,130],[-120,-390],[-170,-190],[-390,190],[-320,390],[-360,130]],[[37053,41184],[-330,90]],[[39174,35813],[270,20],[130,190],[690,150],[60,270],[290,250],[-10,720]],[[41554,36873],[-80,-390],[40,-240],[-190,-640]],[[39964,34833],[-180,380],[-730,280]],[[32953,31793],[120,560],[-200,910],[110,510]],[[32983,33773],[530,-270],[280,190]],[[33793,33693],[90,100],[860,-280],[250,-480]],[[34993,33033],[0,-320],[-390,200],[-390,-490]],[[34213,32423],[-390,50],[-80,-350],[-230,-200],[-560,-130]],[[40334,39784],[-160,30],[-190,-430]],[[39984,39384],[-450,-100],[-160,180],[-691,390],[-440,-100]],[[37033,40604],[-230,280],[250,300]],[[35743,37663],[30,-250],[-160,-510],[30,-380],[-140,-500]],[[35503,36023],[-170,60]],[[35333,36083],[-440,130],[0,-210],[-580,420],[-170,30],[-70,290],[-490,-50],[-380,330],[250,340]],[[35193,35213],[-200,270]],[[34993,35483],[110,400],[230,200]],[[35503,36023],[580,40],[190,-100]],[[36273,35963],[-160,-300],[250,-350],[-40,-280]],[[36323,35033],[-720,-40]],[[34673,30493],[-180,150],[80,400],[-100,110],[400,560],[-730,360],[70,350]],[[34993,33033],[640,140],[390,-180],[350,-60]],[[36373,32933],[-190,-430],[90,-260],[260,-90],[190,130],[1010,-500],[200,-140]],[[36373,32933],[170,260],[-250,120],[380,690]],[[36673,34003],[170,-100],[210,290],[100,490],[410,-120],[350,70],[160,310],[680,-40]],[[38753,34903],[261,-530],[220,-330],[90,-530],[170,-270],[40,-490]],[[35633,40194],[-270,20],[-160,160],[-330,-180],[-250,220],[-640,-250],[-50,-210],[-310,-110]],[[36093,39124],[-400,-311],[-80,-220]],[[39984,39384],[70,-160],[-140,-270],[-220,0],[-190,-311],[-350,-180]],[[37283,38103],[-110,-190],[-810,-120],[-370,110],[-250,-110]],[[36323,35033],[50,-410],[220,-90],[-140,-270],[220,-260]],[[33793,33693],[-260,280],[230,130],[270,420],[-210,320],[190,400]],[[34013,35243],[30,160],[500,-190],[240,-30],[210,300]],[[34013,35243],[-280,120],[-170,280],[-370,210],[-470,-400]],[[36763,36483],[-180,-400],[-310,-120]],[[38243,37493],[-250,-460]],[[38753,34903],[-270,450]],[[32983,33773],[-160,120],[-270,-100],[-130,-310],[-440,130]],[[32643,31663],[310,130]],[[38974,36383],[360,110],[180,660],[-240,230],[30,300],[-110,180]],[[39194,37863],[400,110],[90,-270],[400,-200]],[[39144,37933],[50,-70]],[[68376,49184],[-320,40],[240,510],[220,-60],[10,-280],[-150,-210]],[[71416,49524],[260,-410],[-190,-140],[-70,550]],[[68226,51125],[30,330],[270,400],[230,200]],[[68756,52055],[360,-130],[240,170]],[[69356,52095],[370,20],[140,200],[210,-140],[270,-480],[410,-210],[-60,-140],[850,-660]],[[71546,50685],[50,-590],[-210,-161],[-260,131],[-270,-60],[-310,100],[0,200],[-440,-200],[-340,-331],[-300,210],[-180,-70],[-110,-300],[-320,-250],[120,-190],[-140,-380],[-170,750],[-220,561],[210,240],[40,250],[-120,280],[-350,250]],[[70596,49824],[110,-660],[-210,-20],[-190,290],[80,510],[210,-120]],[[71166,49974],[20,-480],[-440,521],[210,-41],[210,0]],[[11241,50195],[250,-170],[-40,-191],[460,-610]],[[11911,49224],[-150,-420],[-230,-260],[470,-130],[30,-370],[-310,-130],[-30,-340],[330,-240],[190,-390]],[[12211,46944],[-570,-170],[-250,-250],[-390,-70],[-400,-170]],[[10601,46284],[-90,280],[140,250],[-330,20],[40,350],[-440,320],[-520,10]],[[9401,47514],[-170,220],[480,250],[-70,500],[-320,-20],[110,470],[-240,220]],[[9191,49154],[30,250],[610,-50],[230,100],[-60,390],[340,241],[690,280],[210,-170]],[[55245,46704],[320,110],[370,410],[350,-60],[280,100],[260,250]],[[56825,47514],[460,-10],[210,100],[-140,210],[390,130],[-70,370],[110,120],[440,50],[170,200],[-200,240]],[[58195,48924],[160,210]],[[58355,49134],[220,50],[270,-640],[-110,-210],[140,-170],[-200,-220],[370,-380]],[[18352,46034],[70,330]],[[18422,46364],[-20,310],[250,320],[650,-20],[150,-150],[310,-90]],[[19762,46734],[180,-300]],[[45444,45484],[300,190],[60,340],[-130,210],[-20,310]],[[63866,46084],[190,130],[550,-10],[120,-190],[-920,-590],[-170,-240],[130,-420]],[[17452,44054],[-250,-110],[-591,140],[-10,260]],[[16041,41364],[-270,780],[-10,350],[-210,630],[30,320],[230,120],[-80,340],[230,190]],[[58295,41904],[-320,-300],[-340,-200],[-580,-530],[-150,-260],[-220,140]],[[55735,40194],[-240,200],[110,370],[-90,220],[230,240],[-20,290],[-140,120],[-20,340],[90,280],[-220,70],[-350,-70]],[[38733,23512],[40,-300],[-510,-260],[-280,120],[-30,180],[-230,170],[-900,110],[-830,-100],[-150,300],[-450,120]],[[31083,21172],[-140,30],[-300,-230],[-20,-270],[300,-270],[-90,-330],[70,-240],[-250,-120]],[[30653,19742],[-530,180],[-240,570],[-290,190],[-460,-100]],[[31503,18282],[-200,520],[-490,60],[10,290],[-180,360],[10,230]],[[30763,18062],[-390,0],[0,240],[-200,280],[-290,30],[-170,-170],[-240,-50],[-960,470],[-370,570]],[[25452,16281],[-60,10],[-20,0],[-500,501],[-100,10],[-360,490],[-170,0],[-120,270]],[[25452,16351],[-50,50],[-10,-60],[60,10]],[[40084,17122],[-110,-370]],[[44014,45174],[-130,270],[20,300],[-480,190],[0,230],[350,80],[150,410],[-40,320],[570,0],[120,240]],[[43214,37623],[330,120],[40,-220],[390,90]],[[43974,37613],[-30,-390],[160,-840],[230,10]],[[18652,51345],[-200,-430],[90,-490]],[[18542,50425],[-90,-290],[-680,-251]],[[17772,49884],[-330,-210],[-280,180],[-230,10],[-40,321],[-491,300],[-130,480]],[[16271,50965],[270,260]],[[16541,51225],[391,70],[-40,160],[370,740],[210,140]],[[17472,52335],[180,120],[20,380],[250,40]],[[17922,52875],[230,-440],[10,-760],[150,-230],[340,-100]],[[66316,53315],[-40,-100],[410,-280],[380,-110],[240,-540],[140,-60]],[[67446,52225],[130,-250]],[[67576,51975],[-840,-280],[0,-340],[260,-40],[-70,-640],[-560,-140],[-260,-250],[50,-361],[-120,-430]],[[66036,49494],[-540,110],[-110,170],[-30,371]],[[65356,50145],[-360,530],[160,210],[70,380],[-140,390],[-270,160],[50,730],[-70,110]],[[64796,52655],[-50,410],[710,170],[300,170],[340,-140],[220,50]],[[40504,53075],[350,-300],[730,70],[40,-190],[-470,-420],[-400,30],[50,-500],[170,-400]],[[40974,51365],[-10,-290],[-220,-220],[110,-340],[-450,-30],[-40,-310],[-210,-30],[-310,-521],[-270,-20],[-60,-350],[-560,-330]],[[38954,48924],[-40,260],[-361,0],[-540,140]],[[38013,49324],[360,781],[210,140],[-20,350],[-140,90],[-220,650],[190,520],[-60,440]],[[38333,52295],[290,340],[260,30],[301,340],[180,390]],[[39364,53395],[410,-100],[120,-240],[610,20]],[[22672,52105],[-170,-630],[-140,-310],[-420,-130],[-190,-400],[100,-230]],[[21852,50405],[-230,-50]],[[21622,50355],[-520,-310],[-460,50]],[[20642,50095],[-170,220],[90,270],[0,370],[-240,290],[60,190],[410,-120],[90,400],[-330,-70],[-210,430]],[[20342,52075],[310,-100],[390,410],[400,-30]],[[21442,52355],[210,-170],[570,-90],[450,10]],[[38013,49324],[-30,-230],[-500,-140],[-350,40],[-200,-90],[-60,-290],[-1080,-50],[-250,140],[-260,-110]],[[35283,48594],[-50,250],[-260,60]],[[34973,48904],[170,270],[230,150],[20,320],[280,200],[-120,201],[-810,510],[-100,760],[80,270]],[[34723,51585],[380,60],[300,-150],[310,150],[-40,380],[-170,190],[80,240],[310,-60],[260,190]],[[36153,52585],[120,-200],[660,90],[320,-90],[110,380],[670,140],[10,-270],[290,-340]],[[31723,50995],[280,-200],[-50,-260],[160,-180],[-780,-210],[-190,-191]],[[31143,49954],[-280,291],[-560,20],[-300,-60],[-160,250],[-50,320],[160,420],[-310,200]],[[29643,51395],[40,270],[430,200],[540,70],[180,160]],[[30833,52095],[310,40]],[[31143,52135],[210,-350],[370,-790]],[[25632,48244],[-80,280],[-290,40],[-120,230],[130,190],[-380,220],[-340,-150],[-250,200],[200,140],[250,801],[220,260],[-330,240]],[[24642,50695],[590,70],[150,260],[-50,310],[140,170]],[[25472,51505],[190,-130],[490,80],[250,150],[550,20],[300,410]],[[27252,52035],[70,-230],[380,-170],[-10,-300]],[[27692,51335],[-440,-460],[190,-250],[300,-130],[-280,-310],[90,-301],[-230,-110],[20,-540],[-130,-90],[20,-300]],[[67576,51975],[160,-320],[50,-480],[150,-110]],[[67936,51065],[60,-140],[410,-50],[180,-270],[-420,-290],[-370,-611],[-570,-440],[-390,-160],[-650,-120]],[[66186,48984],[-150,510]],[[63606,50975],[370,-390],[430,-50],[220,-150],[-90,-411],[340,-170]],[[64876,49804],[200,-300],[-390,-190],[-130,-370],[-910,10],[-320,-80],[-220,-190],[-180,-320],[-580,-410]],[[62346,47954],[-310,260],[-200,-330],[-320,-30],[-30,260],[190,240],[-110,160],[-420,210],[250,310],[-190,220],[-511,330],[-220,50],[-50,461],[-430,210],[40,140]],[[60035,50445],[220,60],[120,-300],[390,0],[381,430],[80,250],[-201,190],[191,290],[-40,300],[-191,190]],[[60985,51855],[361,240]],[[61346,52095],[180,-230],[560,-130],[260,-320],[240,-110],[230,100],[200,-160],[590,-270]],[[17772,49884],[10,-120],[650,-560],[-160,-500]],[[18272,48704],[-690,-120],[-1051,60],[-120,-270],[-410,-30],[-180,180]],[[15821,48524],[-90,170],[-330,180],[300,210],[-530,290],[270,250],[-390,451],[200,780],[280,120],[350,-150],[390,140]],[[58195,48924],[-330,-20],[-80,270],[-800,-10],[-340,140],[-100,160]],[[56545,49464],[-250,0],[-210,180],[-50,801],[-120,440],[-720,-280],[20,-300]],[[55215,50305],[-690,-80],[-310,-281],[-280,131],[-600,-521],[-440,130]],[[52895,49684],[-180,461],[-10,260],[310,520],[600,300]],[[53615,51225],[210,170],[500,90],[120,320],[-120,190]],[[54325,51995],[340,-160],[290,-330],[330,-120],[470,30],[360,250],[730,-20],[210,110],[500,-30],[390,150]],[[57945,51875],[20,-770],[-170,-440],[520,-170],[200,-200]],[[58515,50295],[140,-170],[340,-80],[-130,-361],[-170,40],[-310,-250],[-30,-340]],[[45664,51875],[130,-360],[150,-120],[-140,-630],[-50,-490]],[[45754,50275],[-160,-301],[-460,-270],[-80,-210],[-420,-210]],[[44634,49284],[-240,100],[-350,-20],[-240,310],[-280,40]],[[43524,49714],[-50,200],[250,711],[330,-170],[140,600]],[[44194,51055],[260,160],[-30,480],[280,180]],[[44704,51875],[190,-100],[270,220],[500,-120]],[[27692,51335],[391,-90],[590,370],[360,-20],[270,-360],[340,160]],[[31143,49954],[-190,-130],[-50,-320],[-310,-190]],[[30593,49314],[-70,-50],[-60,-40],[-50,-30],[-30,50],[-330,-320],[-160,60],[-250,-180]],[[5851,49664],[10,-260],[600,220],[270,-230]],[[6731,49394],[260,-240]],[[6991,49154],[-90,50],[-450,-330],[20,-350],[-170,-250],[120,-570]],[[6421,47704],[-931,1020],[-1150,970],[80,200]],[[4420,49894],[180,-120],[380,291],[370,-50],[-40,-291],[541,-60]],[[39054,48744],[-100,180]],[[40974,51365],[800,-120],[220,20],[620,-260],[430,-80],[-10,230],[550,360],[170,-340],[310,20],[130,-140]],[[43524,49714],[-100,-240],[-210,0],[-140,-330],[80,-620],[-270,-470]],[[18542,50425],[400,70],[190,-310],[520,-90],[280,-251]],[[19932,49844],[-410,-110],[20,-270],[190,-150],[-220,-230],[70,-410],[500,10]],[[20082,48684],[-40,-200],[-570,-170],[-360,-40]],[[19112,48274],[-70,240],[-630,50],[-140,140]],[[24282,48314],[-360,170],[-190,340],[-640,230],[-300,-70]],[[22792,48984],[-660,170],[-270,200],[70,610],[-240,171],[-70,220]],[[21852,50405],[210,-70],[400,40],[340,140],[1400,90],[440,90]],[[50655,50665],[270,-160],[-40,-360],[300,30],[330,-160],[-30,-251],[290,-450],[-1080,30]],[[50695,49344],[-260,-100],[-280,100],[-441,-40],[-730,110]],[[48984,49414],[-220,50],[-260,490],[100,651],[290,110],[130,250]],[[49024,50965],[460,160],[240,-250],[20,-350],[661,300],[250,-160]],[[19632,46954],[-150,30],[-20,70],[-220,160],[-240,250],[510,70],[30,320],[400,100],[60,310],[300,170],[560,50],[380,120],[-160,210],[-380,20],[-620,-150]],[[19932,49844],[710,251]],[[22792,48984],[-80,-450],[-220,-220],[-640,20],[-60,-360],[-490,-260],[-320,60],[-430,-110],[-590,-430],[0,-170],[-330,-110]],[[58515,50295],[130,240],[410,260],[980,-350]],[[62346,47954],[20,-210]],[[64876,49804],[30,201],[450,140]],[[66186,48984],[-260,-230],[-640,-30],[-250,-90],[-680,-490],[-310,-480]],[[55215,50305],[300,80],[50,-270],[-290,-611],[-170,110],[-510,-110],[-370,30],[-50,-660],[-570,-60]],[[53605,48814],[-350,450],[-450,150],[-270,-330]],[[52535,49084],[-90,180],[450,420]],[[44744,48664],[-110,620]],[[45754,50275],[860,-150],[630,-481]],[[47244,49644],[-300,-180],[-520,-40],[90,-200],[-100,-280]],[[30593,49314],[510,-80],[240,230],[680,40],[220,-220],[110,-590],[-410,90],[110,-590],[250,70],[820,40],[280,-80],[500,120],[500,260],[160,180],[410,120]],[[35283,48594],[40,-300],[-280,-40],[-380,-210]],[[19112,48274],[-370,-110],[-460,60],[-270,-520],[-600,-490],[30,-390],[270,-90],[100,-170]],[[17812,46564],[-60,-210],[-590,270],[-350,400],[-241,160],[-160,-90],[-530,70]],[[15881,47164],[-450,120],[60,370],[-140,350],[200,90],[130,390],[140,40]],[[19762,46734],[-130,220]],[[18422,46364],[-390,20],[-220,180]],[[51795,48204],[10,0],[10,0],[400,-110],[20,200],[-210,320],[160,390],[350,80]],[[53605,48814],[290,-410],[-40,-440],[130,-220],[-60,-210]],[[47244,49644],[340,230]],[[47584,49874],[560,-410],[650,-150],[190,100]],[[50695,49344],[130,-250],[-210,-330],[30,-170]],[[45664,51875],[500,160],[100,250],[270,180]],[[46534,52465],[60,-260],[780,-760],[-270,-180],[-450,-50],[0,-160],[770,-810],[160,-371]],[[11241,50195],[370,240],[-50,440],[-170,250]],[[11391,51125],[330,260],[1120,100]],[[12841,51485],[-90,-350],[770,-60],[240,-160],[-240,-320]],[[13521,50595],[-480,90],[-190,-240],[-440,-150],[-180,-461],[-220,-130],[-100,-480]],[[18652,51345],[310,20],[260,-160],[0,750],[250,110]],[[19472,52065],[250,-150],[470,190],[150,-30]],[[10601,46284],[-530,-210],[-170,30]],[[9901,46104],[-270,0]],[[9631,46104],[-320,-170],[-1300,520],[-710,480]],[[7301,46934],[550,200],[310,300],[350,450],[530,-140],[-10,-350],[370,120]],[[63606,50975],[360,360],[40,240],[-280,90],[130,200],[-120,290],[-370,0],[-60,270],[-280,190]],[[63026,52615],[170,280]],[[63196,52895],[300,-100],[670,-390],[420,0],[210,250]],[[9191,49154],[-50,-10],[-120,-70],[-660,-20],[-380,80],[-460,-230],[-530,250]],[[6731,49394],[-140,180],[640,380],[160,311],[220,160],[750,-10],[110,170],[-10,460],[-200,20],[-160,210],[-20,530],[410,70],[-130,220],[110,150]],[[8471,52245],[380,-540],[350,120],[640,-200]],[[9841,51625],[120,-260],[480,-560],[260,370],[690,-50]],[[13521,50595],[370,-350],[260,0]],[[14151,50245],[-140,-341],[130,-230],[-160,-240],[390,-410],[-250,-560],[-440,-510],[20,-340],[-990,-390],[-500,-280]],[[14531,49594],[-160,140],[-60,411],[280,210],[220,-340],[-280,-421]],[[31723,50995],[210,-20],[320,440],[470,-100],[580,160],[610,-130],[530,230],[280,10]],[[7301,46934],[-500,400],[-380,370]],[[56825,47514],[60,360],[-170,130],[-490,-220],[-70,410],[-490,10],[20,330],[430,290],[-110,390],[440,50],[100,200]],[[5851,49664],[330,70],[20,281],[-200,530],[-160,140],[-270,590],[70,360]],[[5641,51635],[380,150],[380,260],[510,40],[340,350],[-20,190],[250,160],[370,460],[170,-200],[160,290]],[[8181,53335],[280,-50],[230,-180],[0,-520],[-220,-340]],[[4420,49894],[-150,-170],[-460,391],[-850,910],[-100,260],[230,420],[540,-300],[50,-440],[550,320],[520,80],[170,140],[270,-20],[451,150]],[[44664,38843],[-500,-20],[-40,-230],[-370,-270],[430,-130],[120,-500],[-330,-80]],[[41904,39074],[-330,360]],[[16882,37003],[-251,470],[-10,390],[211,70],[-391,300],[-70,350],[130,260],[-260,521],[40,340],[-110,210]],[[50655,50665],[320,150],[0,230],[170,240],[120,370],[-100,150],[90,670]],[[51255,52475],[160,340],[200,40],[460,-190],[200,-290]],[[52275,52375],[-40,-290],[610,-310],[250,-220],[300,-50],[220,-280]],[[46534,52465],[10,20]],[[46544,52485],[210,300],[-60,360],[290,50],[310,310],[-30,310],[620,90]],[[47884,53905],[310,-530]],[[48194,53375],[-280,-300],[140,-600],[220,-60],[-280,-360],[-60,-300],[150,-150],[70,-320],[500,50],[370,-370]],[[40124,13921],[-10,-520]],[[16231,46134],[-450,990],[100,40]],[[16912,4970],[-40,-30],[-80,40],[120,-10]],[[16141,44874],[30,280],[170,30]],[[9901,46104],[-80,-130],[-190,130]],[[89798,71166],[-150,-460],[120,-380],[320,-200]],[[90088,70126],[380,-500]],[[90468,69626],[-950,-320]],[[89518,69306],[-430,120],[-150,180],[-250,-50],[-20,300],[-360,130]],[[88308,69986],[-370,340],[130,150],[-180,360],[-550,280],[-230,-170],[-530,0]],[[86578,70946],[-410,270],[-390,-40]],[[85778,71176],[-140,300],[330,240],[210,450],[520,141],[450,-91],[760,171],[400,20]],[[88308,72407],[200,-211],[-70,-240],[370,-180],[130,-270],[320,20],[300,-290],[240,-70]],[[98199,68836],[-550,90]],[[97649,68926],[-240,90],[10,410],[-350,300],[-390,80],[-430,450],[160,370],[-140,250],[30,390]],[[96299,71266],[30,50]],[[96329,71316],[670,100],[240,140],[290,10],[400,-310],[390,50],[340,-230],[320,170],[280,-230],[170,0],[510,-240],[-140,-210],[0,-320],[200,-180],[-40,-310],[-420,-30],[-330,-290],[-430,-210],[-440,-450],[-140,60]],[[94489,69166],[20,-360],[320,-260]],[[94829,68546],[30,-350],[200,0],[260,-230],[-200,-190],[-350,-130],[-391,-10],[-370,-120]],[[94008,67516],[-340,110],[-170,-70]],[[93498,67556],[-130,170],[100,240],[-570,70],[-300,180],[30,180],[310,290],[-170,310]],[[92768,68996],[420,160],[410,500]],[[93598,69656],[20,10]],[[93618,69666],[300,240],[721,50],[520,-40]],[[95159,69916],[-670,-750]],[[92768,68996],[-250,80],[-360,-150],[-330,0],[-850,-730],[-180,-50],[-230,-280]],[[90568,67866],[-110,130],[-320,-150],[-370,60],[-280,-100],[0,390],[-150,270]],[[89338,68466],[-180,290]],[[89158,68756],[90,80],[430,-190],[330,-60],[1330,570],[970,290]],[[92308,69446],[590,170],[250,-100],[450,140]],[[98199,68836],[250,-400],[-110,-190],[210,-170],[440,-620],[250,-240],[-350,-160],[-270,210],[-420,110],[80,230],[-300,290],[-650,60],[-330,-220],[-690,-10],[-740,-240],[-230,-140],[-260,-420],[-490,-120],[-201,-400],[-210,30]],[[94178,66436],[-10,270],[-170,140],[130,470],[-120,200]],[[94829,68546],[440,40],[200,170],[560,-130],[290,10]],[[96319,68636],[210,240],[920,-50],[200,100]],[[93498,67556],[-120,-370],[-250,-110]],[[93128,67076],[-20,40]],[[93108,67116],[-40,190],[-250,100],[-450,-240],[-570,150],[-60,180],[-450,-440]],[[91288,67056],[-260,120],[30,360],[-440,30],[-160,-330]],[[90458,67236],[-100,120]],[[90358,67356],[210,510]],[[81647,68366],[-250,-90],[-970,70],[-310,340],[-20,160],[230,230],[10,320],[670,30],[190,-290],[360,160],[240,-40],[340,260],[340,80],[180,-270],[540,120]],[[83197,69446],[-20,-110]],[[83177,69336],[-230,-360],[-590,-150],[-370,-340],[-340,-120]],[[88238,68436],[560,-50],[380,30]],[[89178,68416],[-780,-580],[-630,-590],[80,-270],[-450,-240]],[[87398,66736],[-110,-90],[-660,-100],[-250,70]],[[86378,66616],[-200,120],[-90,280],[-340,190],[340,120],[-300,260],[360,340]],[[86148,67926],[130,200],[-480,620]],[[85798,68746],[340,220],[640,-70]],[[86778,68896],[90,-90]],[[86868,68806],[260,-300],[-170,-200],[110,-340],[220,-100],[580,80],[60,340],[310,150]],[[90358,67356],[-200,-200],[-660,-170],[-270,0],[-150,-220],[-770,-260]],[[88308,66506],[-240,-200],[-420,-60]],[[87648,66246],[30,130],[-280,360]],[[89178,68416],[160,50]],[[94178,66436],[-260,-300],[-380,10]],[[93538,66146],[-440,390],[30,540]],[[91288,67056],[-20,-250],[-330,-270],[650,50]],[[91588,66586],[-200,-130],[-260,-370]],[[91128,66086],[-180,-160]],[[90948,65926],[-510,-80]],[[90438,65846],[-260,150],[-130,540],[-260,50]],[[89788,66586],[500,420],[170,230]],[[90438,65846],[-630,-380],[-10,-250],[-290,-240]],[[89508,64976],[-100,330],[-350,-350],[-70,-340]],[[88988,64616],[-230,440],[10,520],[-430,410],[100,330]],[[88438,66316],[710,200],[320,-60],[320,130]],[[91588,66586],[200,-120],[400,160],[330,240]],[[92518,66866],[110,-370],[-90,-250],[110,-540]],[[92648,65706],[-590,-770],[210,-330]],[[92268,64606],[-420,-180],[-200,40],[-100,240]],[[91548,64706],[-110,650],[-350,270],[190,200],[-150,260]],[[85228,66496],[20,-580],[260,-500]],[[85508,65416],[-160,-60],[-500,150],[-780,-280],[-500,-120],[-531,50]],[[83037,65156],[-270,-40]],[[82767,65116],[60,260]],[[82827,65376],[-110,760],[110,370]],[[82827,66506],[300,110],[401,0],[320,160]],[[83848,66776],[50,80],[730,-100],[460,-290],[140,30]],[[88308,66506],[130,-190]],[[88988,64616],[-200,-110],[-350,-480],[-160,-670]],[[88278,63356],[80,-180],[-330,-240],[-360,20],[0,400]],[[87668,63356],[30,280],[370,1050],[-340,220],[-320,550],[-700,10],[-130,-110],[-550,0]],[[86028,65356],[40,400]],[[86068,65756],[300,180],[370,10],[500,-160],[-10,270],[420,190]],[[91548,64706],[-220,10],[-280,260],[-190,-50]],[[90858,64926],[-70,240],[150,270],[10,490]],[[90858,64926],[-210,-350],[-290,-170],[60,-230]],[[90418,64176],[-720,-80]],[[89698,64096],[-20,470],[-170,410]],[[82827,65376],[-400,70],[-220,160],[-360,-20],[-230,-340],[-600,10],[-170,-110]],[[80847,65146],[-140,310],[30,270],[-150,410]],[[80587,66136],[650,350],[310,-200],[250,-40],[190,150]],[[81987,66396],[280,-10],[560,120]],[[77757,65316],[-90,-120]],[[77667,65196],[-350,-210],[-210,120],[-560,30],[-50,-270],[-360,50]],[[76137,64916],[-150,420],[80,490],[-140,470]],[[75927,66296],[270,140],[440,-290],[590,-150],[800,20]],[[78027,66016],[-180,-290],[-90,-410]],[[80847,65146],[10,-110]],[[80857,65036],[-190,80],[-340,-190],[-160,270]],[[80167,65196],[0,150],[-910,-180],[-220,10]],[[79037,65176],[-50,290],[-280,90],[-140,-250],[-410,-120],[0,220],[-400,-90]],[[78027,66016],[350,20],[150,130],[470,-30],[340,-110],[250,200],[290,-160],[450,100],[260,-30]],[[85508,65416],[560,340]],[[86028,65356],[-360,-30],[-610,-200],[-240,-580],[-440,-220],[-40,-210]],[[84338,64116],[-330,-250],[170,-230]],[[84178,63636],[-340,-180],[-370,-90],[170,350],[-230,230],[-461,-120]],[[82947,63826],[130,260],[-40,260],[290,10],[211,210],[-50,150],[-381,-40],[-70,480]],[[76137,64916],[90,-260]],[[76227,64656],[-470,-370],[-70,260],[-520,30],[70,-410],[-380,-290],[-480,30],[-80,280],[150,380],[-210,150]],[[74237,64716],[-30,110]],[[74207,64826],[120,650],[-60,280]],[[74267,65756],[30,120],[650,-10],[490,140],[130,280],[360,10]],[[82767,65116],[-420,-290],[-210,-10],[-400,-460],[-200,0]],[[81537,64356],[-350,-190],[-440,-20]],[[80747,64146],[250,530],[-140,360]],[[92268,64606],[-20,-800],[230,-110],[-200,-280],[-380,-320]],[[91898,63096],[-140,-30],[-440,530],[-600,-80]],[[90718,63516],[120,100],[0,410],[-420,150]],[[79037,65176],[-60,-270],[160,-320],[-210,-250],[20,-290]],[[78947,64046],[-480,-60],[-470,-220]],[[77997,63766],[-780,120],[-160,240]],[[77057,64126],[-50,110],[460,300],[250,340],[-50,320]],[[80167,65196],[-190,-630],[-380,-230],[-200,-330],[-450,40]],[[82947,63826],[-410,-160]],[[82537,63666],[-340,40]],[[82197,63706],[-20,290],[-370,100],[-270,260]],[[80747,64146],[-620,-200],[-10,-150],[540,-230]],[[80657,63566],[0,-220],[-490,220],[-460,-640],[-370,0]],[[79337,62926],[-390,-390],[-260,430],[-470,-90]],[[78217,62876],[60,200]],[[78277,63076],[250,410],[-530,280]],[[77057,64126],[-500,-10],[-180,-110],[-270,120]],[[76107,64126],[320,310],[-200,220]],[[76107,64126],[-430,-70],[-310,-260],[20,-180]],[[75387,63616],[-330,-30],[-820,-520]],[[74237,63066],[150,210],[-540,740]],[[73847,64016],[-100,160],[280,440],[210,100]],[[82197,63706],[-140,-100],[-910,-10],[-140,250],[-350,-280]],[[91898,63096],[90,-490],[-360,-250],[-180,-260]],[[91448,62096],[-90,430],[-130,150],[-360,-20]],[[90868,62656],[-350,200],[-140,230],[340,430]],[[78277,63076],[-270,210],[-780,20],[-300,-120],[-670,240]],[[76257,63426],[-850,-160],[-210,50]],[[75197,63316],[190,300]],[[82537,63666],[-370,-310],[130,-210],[-180,-300],[0,-470]],[[82117,62376],[-60,-110]],[[82057,62266],[-1020,20],[-20,90]],[[81017,62376],[-140,390],[-680,70],[-440,-80],[-420,170]],[[85238,62716],[270,-190]],[[85508,62526],[220,-580],[410,0]],[[86138,61946],[440,-360],[40,-420]],[[86618,61166],[-300,-221],[-120,-380],[-340,-500]],[[85858,60065],[-230,90],[-400,10],[-160,190],[-400,60],[-210,-90],[-390,200],[-620,-40]],[[83448,60485],[280,50],[140,200],[270,100],[170,250],[-470,501],[-290,110]],[[83548,61696],[310,350]],[[83858,62046],[250,70],[300,480],[670,200],[160,-80]],[[89028,58935],[40,280],[-160,510],[90,190]],[[88998,59915],[570,190],[680,160],[420,270]],[[90668,60535],[280,0],[20,-260],[-190,-480],[-190,-170],[-10,-270],[-290,-150],[-30,-230],[-550,-490]],[[89708,58485],[-310,350],[-370,100]],[[81017,62376],[-100,-210],[-880,-320],[20,-100]],[[80057,61746],[-100,-90],[-710,-40],[-480,80],[-110,-220],[-380,-210],[-350,50],[-290,-150]],[[77637,61166],[-310,240],[150,420],[-100,150]],[[77377,61976],[380,180],[380,450],[-150,40]],[[77987,62646],[230,230]],[[86138,61946],[340,300],[290,140]],[[86768,62386],[500,-90],[920,70]],[[88188,62366],[30,-370]],[[88218,61996],[-590,-60],[140,-250]],[[87768,61686],[-470,-510],[-210,-361],[-360,140],[-110,211]],[[88218,61996],[240,30],[340,-150],[280,90]],[[89078,61966],[70,-170],[380,20],[330,110],[240,220]],[[90098,62146],[-370,-640],[0,-170],[-560,-601]],[[89168,60735],[-490,-20],[-250,70],[-90,341],[50,270],[-230,70]],[[88158,61466],[-390,220]],[[83448,60485],[-201,30],[-190,-260]],[[83057,60255],[-770,310]],[[82287,60565],[20,340],[-110,421],[330,140],[350,30],[671,200]],[[82057,62266],[-130,-620],[60,-480],[-420,-81],[90,-310]],[[81657,60775],[-920,-50],[-350,-160],[-140,170],[-380,-140],[-380,140],[-90,190]],[[79397,60925],[660,180],[-80,201],[80,440]],[[88158,61466],[-60,-411],[-440,-390],[150,-430],[-200,-380],[0,-390]],[[87608,59465],[-1200,110],[-440,-550],[-220,130]],[[85748,59155],[-130,330]],[[85618,59485],[250,390],[-10,190]],[[77637,61166],[410,-191],[40,-250]],[[78087,60725],[-390,-40],[-260,80],[-300,-80],[-620,30],[-220,-80],[-390,150],[-330,40]],[[75577,60825],[90,391],[160,150],[40,320]],[[75867,61686],[420,-10],[690,-150],[400,450]],[[84208,58545],[-320,260],[-140,870],[-160,60]],[[83588,59735],[-220,20]],[[83368,59755],[-311,500]],[[85618,59485],[-230,50],[-80,-340],[10,-450]],[[85318,58745],[-130,-90],[-140,-440]],[[88138,59855],[110,-260],[-10,-370]],[[88238,59225],[-190,-340],[90,-200]],[[88138,58685],[-150,-90]],[[87988,58595],[-220,300],[-120,380]],[[87648,59275],[120,430],[250,410],[120,-260]],[[82607,57665],[-260,140],[140,240],[-150,490]],[[82337,58535],[130,560],[140,190],[-200,540],[210,50],[300,-210],[451,90]],[[83588,59735],[-261,-690],[21,-690],[-161,-510],[-140,-160]],[[88138,58685],[370,-110]],[[88508,58575],[60,-240]],[[88568,58335],[-190,120],[-310,-440],[30,-320],[-130,-150]],[[87968,57545],[20,210],[-10,50],[0,20]],[[87978,57825],[-100,440],[110,330]],[[87978,57825],[-190,320],[-390,110],[110,200],[20,440]],[[87528,58895],[10,20]],[[87538,58915],[110,360]],[[88568,58335],[370,-220],[20,-260],[200,-190],[-60,-370],[200,-60]],[[89298,57235],[-50,-260],[-230,-350],[-50,-270],[-480,260],[-420,90],[-290,-90],[-230,260]],[[87548,56875],[130,430],[290,240]],[[87548,56875],[-400,20],[-410,-230],[-300,430],[-130,50]],[[86308,57145],[60,320],[290,210],[40,390],[-430,60],[80,610]],[[86348,58735],[200,-100],[410,180],[570,80]],[[82507,55955],[-300,-60]],[[82207,55895],[-80,470],[-240,460]],[[81887,56825],[200,160],[210,470],[-460,300],[10,340]],[[81847,58095],[230,160],[60,330],[200,-50]],[[82207,55895],[-200,80],[-200,-300],[-420,160],[130,-690],[-110,-180],[-260,60],[-210,230]],[[80937,55255],[-130,570]],[[80807,55825],[60,430],[-120,580],[20,490]],[[80767,57325],[-30,340],[390,-200],[220,-250]],[[81347,57215],[150,-110],[360,70],[30,-350]],[[79627,54795],[-350,-320]],[[79277,54475],[-220,690],[-320,350],[-20,490],[250,-30]],[[78967,55975],[550,130],[290,-80],[310,130]],[[80117,56155],[10,-90]],[[80127,56065],[-580,-580],[-70,-460],[150,-230]],[[80937,55255],[110,-470],[-270,-350]],[[80777,54435],[-510,450],[-640,-90]],[[80127,56065],[510,30],[170,-270]],[[89698,64096],[60,-260],[-100,-310],[-280,-60]],[[89378,63466],[-940,-40]],[[88438,63426],[-160,-70]],[[90868,62656],[-360,70],[-520,250],[-620,-200]],[[89368,62776],[-200,270],[230,210],[-20,210]],[[91448,62096],[-260,-310],[-450,-160]],[[90738,61626],[-410,190],[-10,250],[-220,80]],[[89078,61966],[80,410],[210,400]],[[76257,63426],[-180,-400],[70,-370]],[[76147,62656],[40,-330],[-80,-370],[-240,-270]],[[75577,60825],[-420,70],[-470,251]],[[74687,61146],[210,150],[390,100],[70,560],[-510,200]],[[74847,62156],[-420,400],[550,610],[220,150]],[[76147,62656],[340,-130],[140,210],[280,-150],[190,150],[520,120],[370,-210]],[[88188,62366],[120,80],[180,500],[-130,120],[80,360]],[[86768,62386],[100,180],[550,400],[-80,170],[330,220]],[[92308,69446],[-230,680]],[[92078,70126],[590,80],[190,240],[-230,120]],[[92628,70566],[380,290],[150,220]],[[93158,71076],[280,-170],[330,-10],[-10,-670],[-200,-340],[60,-220]],[[96319,68636],[-170,490],[40,230],[-220,290],[-630,-90],[-850,-390]],[[95159,69916],[340,530],[500,370],[300,450]],[[86578,70946],[10,-520],[380,-180],[160,-340],[-90,-400],[-280,-300],[20,-310]],[[85798,68746],[-110,230],[150,420],[-220,70],[-670,0],[-160,340],[-680,170]],[[84108,69976],[-240,300],[90,190],[380,250],[330,10],[430,330],[680,120]],[[86868,68806],[120,-20],[650,380],[0,190],[420,110]],[[88058,69466],[170,-610],[380,-100],[70,-300],[-440,-20]],[[83197,69446],[321,20],[370,250],[220,260]],[[86148,67926],[-110,150],[-360,-80],[-90,-210],[-560,-210],[30,-350],[-400,-30],[-290,140]],[[84368,67336],[-30,270],[80,470],[-70,160],[-490,110],[-220,490],[-220,-10],[-50,350],[-191,160]],[[84368,67336],[-190,60],[-470,-170],[-60,-300],[200,-150]],[[81987,66396],[-30,380],[-240,190],[-30,320],[160,380],[-60,410],[-140,290]],[[82117,62376],[250,140],[750,20],[210,-340],[271,-220],[260,70]],[[82287,60565],[-410,200],[-220,10]],[[79397,60925],[-350,-120],[-580,20],[-380,-100]],[[74687,61146],[-480,-10],[-60,300],[190,290]],[[74337,61726],[20,240],[490,190]],[[80117,56155],[-50,400],[-270,510]],[[79797,57065],[540,130],[90,270],[340,-140]],[[78967,55975],[70,320],[-100,160],[280,390],[250,20],[330,200]],[[80777,54435],[200,-400],[-40,-270],[-290,-250],[-490,-70],[-110,110],[-120,610],[-190,250],[-460,60]],[[81347,57215],[60,510],[-70,250],[170,140],[340,-20]],[[93108,67116],[-380,-260],[-210,10]],[[85228,66496],[1150,120]],[[84338,64116],[470,10],[-20,-170],[600,-250],[250,-570],[200,-190],[-50,-390],[-280,-30]],[[85238,62716],[-280,330],[-390,-20],[-360,300],[-30,310]],[[74337,61726],[-70,-30],[110,500],[-190,380],[50,490]],[[88308,69986],[-250,-520]],[[93538,66146],[-230,-390],[-430,-150],[-230,100]],[[88138,59855],[390,180],[310,-140],[-170,-580],[40,-190]],[[88708,59125],[-370,-70],[-100,170]],[[85748,59155],[10,-340],[-130,-190]],[[85628,58625],[-310,120]],[[89028,58935],[-190,-10]],[[88838,58925],[-130,200]],[[87538,58915],[-40,400],[110,150]],[[89168,60735],[-290,-190],[120,-630]],[[88838,58925],[-140,-280],[-190,-70]],[[89708,58485],[110,-190],[-390,-670],[-130,-390]],[[90738,61626],[-340,-761],[270,-330]],[[86348,58735],[-370,0],[-350,-110]],[[86308,57145],[-430,-220]],[[92628,70566],[-420,360],[20,650],[-90,210],[-330,10],[-580,130],[-200,-110],[-50,501],[-430,360],[-320,50],[-450,400]],[[89778,73127],[-170,170],[-540,180]],[[89068,73477],[360,360],[230,20],[250,240],[440,10],[60,170],[340,160],[390,-340],[280,-140],[1290,-250],[60,-190]],[[92768,73517],[-80,-160],[280,-240],[-20,-280],[240,-340],[-130,-110],[140,-581]],[[93198,71806],[-200,-180],[0,-370],[160,-180]],[[90468,69626],[410,-150],[100,-170],[530,160],[190,520],[-220,120]],[[91478,70106],[120,120]],[[91598,70226],[480,-100]],[[89158,68756],[110,140],[370,240],[-120,170]],[[92768,73517],[630,-50],[290,580],[170,20],[390,270],[611,300],[260,-30],[450,260],[300,-320],[220,-430],[520,70],[-170,-280],[-430,-110],[-230,-280],[330,-360],[330,290],[310,20],[280,-220],[70,-290],[240,-280],[-80,-260],[-390,-110],[80,-161],[-570,-410]],[[96379,71736],[-240,90],[-530,-160],[-300,60],[-220,-80],[-10,-270],[-330,-110],[-60,-310],[-531,290],[-350,30],[20,300],[-630,230]],[[96379,71736],[150,-90],[-200,-330]],[[91598,70226],[70,250],[-180,300],[-410,-110],[-550,240],[-440,450]],[[90088,71356],[250,330],[-80,310],[-230,120],[60,221],[-360,660],[50,130]],[[88308,72407],[120,420],[540,380],[100,270]],[[90088,71356],[-290,-190]],[[91478,70106],[-250,-100],[-740,250],[-400,-130]],[[84558,18042],[-30,-250],[-300,80],[-100,210],[240,220],[46,-24],[-46,34],[-110,-10],[-200,-50],[-70,100],[50,710],[110,590],[-50,370],[220,90],[-20,520],[110,300],[70,920],[100,270],[210,90],[190,250],[190,-150],[-40,-610],[110,-240],[-110,-310],[10,-320],[-260,-210],[-160,120],[-180,-500],[220,-60],[150,-470],[-40,-390],[60,-260],[-340,-700],[-146,-97],[6,-3],[130,0],[-20,-220]],[[83378,13631],[230,-360],[30,-350],[-220,-530],[-341,100],[-160,390],[-20,370],[481,380]],[[83788,15651],[170,-450],[-310,-90],[-40,180],[180,360]],[[84188,17852],[0,-10],[-80,-300],[160,-120],[-250,-240],[290,-290],[-130,-611],[-320,-160],[310,-140],[-290,-350],[-390,710],[-60,631],[230,-200],[70,830],[130,370],[330,-120]],[[87878,1560],[110,-110],[150,-850],[-120,-510],[-270,-90],[-280,740],[-170,110],[-80,340],[100,210],[560,160]],[[87408,2240],[150,-230],[-110,-210],[-260,-220],[-90,220],[310,440]],[[84308,8151],[120,-320],[-340,-40],[-20,300],[240,60]],[[34053,73627],[480,-180],[590,-30],[500,150]],[[35623,73567],[-20,-330],[290,-70],[160,-310],[-130,-140]],[[35923,72717],[-730,-80],[110,-641],[-100,-420],[-360,-80]],[[34843,71496],[-320,300],[0,320]],[[34523,72116],[-270,521],[-40,310]],[[34213,72947],[-150,330],[-10,350]],[[25182,73107],[150,-300],[140,-731],[210,-40],[160,-270]],[[25842,71766],[-580,-600],[-400,0],[-460,420],[-80,-230],[-270,-40],[10,-290],[-350,-130],[-70,-170]],[[23642,70726],[-470,-50],[-280,-420],[-70,-350],[-170,-210],[290,-300],[-270,-110],[-80,-300]],[[22592,68986],[-310,-90],[-460,130],[-510,-20],[-300,-270],[-200,-340],[30,-250],[-420,190],[-180,180],[-410,-150],[-120,160]],[[19712,68526],[70,210],[-120,190],[30,400],[430,100],[10,-250],[240,-10],[180,220],[360,60],[50,600],[190,150],[-10,340],[220,190],[-370,140],[-170,280],[-470,0],[-110,150],[80,490],[190,200],[-100,281],[390,120],[-110,230]],[[20692,72617],[370,70],[510,290],[200,-240],[930,130],[180,250],[420,-120],[240,60],[760,-150],[90,220],[300,170],[110,-220],[380,30]],[[34523,72116],[-280,30],[-570,271],[-210,-271],[-160,70],[-360,-320],[-220,0]],[[32723,71896],[-400,310]],[[32323,72206],[-70,111],[490,190]],[[32743,72507],[1140,440],[330,0]],[[31553,72066],[-150,-140],[170,-160]],[[31573,71766],[-320,-120],[-270,-260]],[[30983,71386],[-190,280],[-80,70],[-300,100],[-420,-130]],[[29993,71706],[-130,160],[140,270],[220,121],[70,100],[-100,330]],[[30193,72687],[90,40],[520,160],[320,-20]],[[31123,72867],[20,-70]],[[31143,72797],[-40,-130],[60,-80],[240,-200],[70,-221],[80,-100]],[[29993,71706],[-570,-210],[-170,-190]],[[29253,71306],[-140,150],[-1140,140]],[[27973,71596],[270,440],[320,40],[-150,291]],[[28413,72367],[170,130],[360,-20],[90,190],[530,-80],[430,140]],[[29993,72727],[200,-40]],[[39544,72877],[30,-340],[-240,-361],[550,-460],[-40,-230],[-250,-410],[20,-180]],[[39614,70896],[-340,-560],[-340,-230]],[[38934,70106],[-20,350],[-251,170],[-850,40],[-250,110],[-150,540],[-290,130]],[[37123,71446],[350,280],[440,210],[100,291],[250,280],[180,30],[220,480]],[[38663,73017],[551,-170],[330,30]],[[39544,72877],[470,100],[460,-540],[260,90],[120,290]],[[40854,72817],[190,-40],[530,-380],[130,-271]],[[41704,72126],[450,-370],[-310,-320],[10,-300]],[[41854,71136],[-460,-90],[-250,150],[-460,110],[-100,-330],[0,-570],[-330,280],[-320,-110],[-320,320]],[[34843,71496],[-90,-160],[110,-380],[570,-530]],[[35433,70426],[-230,-100],[-240,210],[-550,-230],[-510,170],[-120,-170],[-270,80],[-250,250],[-370,-160]],[[32893,70476],[-160,500],[170,130],[-350,360],[170,430]],[[32893,70476],[-570,-140],[-310,0]],[[32013,70336],[80,390]],[[32093,70726],[20,550],[-540,490]],[[31553,72066],[770,140]],[[41704,72126],[500,-10],[310,221],[400,-161],[160,-250],[1150,-540]],[[44224,71386],[-40,-390],[530,-610],[0,-310],[370,-330],[-80,-740]],[[45004,69006],[-350,340],[-640,130],[-110,240],[-450,-350],[-630,150],[-130,-290],[-300,200],[-230,-200],[-470,-230]],[[41694,68996],[-200,260],[-550,80],[-110,-70]],[[40834,69266],[-100,460],[320,330],[450,290],[150,240],[40,380],[160,170]],[[25842,71766],[770,-430]],[[26612,71336],[550,-560],[-190,-320],[30,-210],[-120,-420],[-140,-10]],[[26742,69816],[-560,-320],[-280,-500],[-500,110],[-380,-230],[-490,250],[0,340],[-140,80],[-500,750],[100,210],[-350,220]],[[30983,71386],[-60,-290],[230,-170]],[[31153,70926],[-110,-190]],[[31043,70736],[-580,140],[-150,280],[-410,-350]],[[29903,70806],[-620,120],[-30,380]],[[32093,70726],[-940,200]],[[26612,71336],[40,140]],[[26652,71476],[260,40],[120,-190],[320,210],[591,-70]],[[27943,71466],[280,-350],[-180,-480]],[[28043,70636],[160,-170],[-140,-360],[-200,170],[-351,-230],[40,-310],[190,-230]],[[27742,69506],[-170,-120],[-340,140]],[[27232,69526],[-360,40],[-130,250]],[[29903,70806],[-20,-30]],[[29883,70776],[-190,-240],[-370,-200],[-70,-240],[-440,-130],[10,200],[-780,470]],[[27943,71466],[30,130]],[[38934,70106],[-241,-570],[-250,-130],[-30,-480]],[[38413,68926],[-570,180]],[[37843,69106],[-70,280],[-230,110],[-610,60],[-100,220],[-960,340]],[[35873,70116],[-100,140]],[[35773,70256],[250,850],[490,260],[270,230]],[[36783,71596],[230,-30]],[[37013,71566],[110,-120]],[[12911,69766],[500,130],[380,-240],[80,-290],[-230,-160],[400,-210],[430,40],[-210,-460],[-120,-210],[0,-20]],[[14141,68346],[-230,-70],[-430,510],[-820,-580],[30,-330],[230,-160],[260,-500],[270,-110],[-10,-570],[220,-150],[-160,-280],[110,-240],[-170,-160],[210,-260],[-240,-340],[160,-160],[-40,-330]],[[13531,64616],[-580,-180],[-190,250],[-170,-90],[-520,190],[-210,340],[-300,-160],[-170,130],[-370,-250],[-160,150],[-240,-80],[-240,-440],[-230,40],[-210,-140],[130,-460],[-370,-200],[-260,170],[-420,30],[-300,180],[-760,-60],[-240,-110],[-760,40]],[[6961,63966],[120,320],[40,400],[-40,590],[-400,160],[-580,-70],[-330,60],[-241,190],[-720,290],[-90,200],[100,680],[250,580],[951,720],[240,310],[310,210],[370,810],[320,310],[490,370],[470,80],[270,-90],[310,-290],[20,-310],[250,-350],[510,-40],[1020,420],[600,120],[980,20],[710,250],[20,-140]],[[44224,71386],[550,-150],[70,-230],[290,-300],[360,-90],[180,-290],[910,-430]],[[46584,69896],[-230,-290],[-110,-290],[180,-160],[-50,-520],[320,-150],[430,-40],[270,-260]],[[47394,68186],[-570,-560],[-240,200],[-270,-300],[-80,-250],[-430,-250]],[[45804,67026],[-270,320],[-80,510]],[[45454,67856],[-500,850],[50,300]],[[31043,70736],[-240,-300],[120,-550],[640,-330]],[[31563,69556],[-210,-170]],[[31353,69386],[-810,80],[-230,-550]],[[30313,68916],[-300,250],[180,370],[-40,500],[130,470],[-400,270]],[[40834,69266],[-320,-100],[-360,-270],[-330,210],[-270,-250],[180,-430],[0,-200]],[[39734,68226],[-290,190],[-210,310],[-821,200]],[[27232,69526],[-30,-240],[-430,-490],[40,-190],[-120,-360],[-410,-250],[-200,80],[-480,-330],[-250,110],[-170,-170],[-290,-10],[-220,-230],[-40,-220]],[[24632,67226],[-400,-60],[-440,300],[310,340],[-420,120],[-470,-80],[-130,390],[-470,170],[130,210],[-150,370]],[[32013,70336],[220,-320],[-40,-210]],[[32193,69806],[-370,-230],[-260,-20]],[[30313,68916],[-150,-170],[350,-300],[-100,-390],[220,0],[250,-250],[-310,-530],[-340,-50]],[[30233,67226],[-300,290],[-150,-330],[-490,-60],[-120,170],[-310,20],[-340,-310],[-590,-40]],[[27933,66966],[-60,400],[-301,0],[-200,160],[170,250],[241,540],[-151,460],[171,50],[-61,680]],[[69596,67996],[-240,140],[-190,340],[-260,-30]],[[68906,68446],[-250,230],[-320,120]],[[68336,68796],[280,560],[30,500],[900,250],[90,130],[420,140],[470,-70],[300,-280],[-30,-210],[180,-240],[-110,-130],[-20,-490],[-290,-340],[100,-490]],[[70656,68126],[-1060,-130]],[[35433,70426],[340,-170]],[[35873,70116],[-450,-700]],[[35423,69416],[-240,80],[-120,-280],[-440,-270],[-360,360],[-380,-30],[0,-320],[-180,-240],[-240,-50]],[[33463,68666],[-340,400],[40,370],[-160,300],[-420,210],[-390,-140]],[[37843,69106],[-190,-260],[300,-180]],[[37953,68666],[-480,-70],[-270,290],[-150,-240],[-230,40],[-640,330],[-40,190],[-290,90],[-310,-100]],[[35543,69196],[-120,220]],[[33463,68666],[-50,-800],[330,-40]],[[33743,67826],[-190,-200],[-260,110],[-380,-190],[-320,10]],[[32593,67556],[-710,700],[-340,230],[50,420],[-240,480]],[[27933,66966],[-140,-170],[-81,-340],[151,-250],[-191,-110],[-210,-350],[130,-270],[-100,-300]],[[27492,65176],[-170,50],[-320,-120],[-670,60],[-360,-240],[-470,10],[-390,160],[-310,-30],[-130,240],[-420,-140],[-120,-180]],[[24132,64986],[-360,300],[10,330],[-350,90],[-170,510],[210,180]],[[23472,66396],[120,180],[510,-40],[140,140],[60,350],[380,30],[-50,170]],[[46584,69896],[480,-320],[260,230],[370,0],[180,-200],[290,-70]],[[48164,69536],[-280,-360],[-140,-330],[-210,-180],[180,-590]],[[47714,68076],[-320,110]],[[14141,68346],[1060,450],[350,-270],[580,160],[0,-390],[520,-280],[331,150],[180,-90],[20,-310]],[[17182,67766],[-110,-280],[70,-930],[280,-240],[410,-40],[300,100],[620,-70],[300,-350],[-100,-140],[240,-580],[150,-20],[360,-340]],[[19702,64876],[-210,-240],[0,-820],[-530,-130],[-90,250],[-560,-200],[-210,250],[-210,-150],[-110,-280],[-390,130],[-110,-130],[-370,-50],[-40,-170],[-281,-210],[-430,-120]],[[16161,63006],[-730,360],[250,210],[-10,490],[-330,310],[-460,70],[-160,-210],[-240,30],[-250,-160],[-700,510]],[[45454,67856],[-190,-250],[-340,250],[-260,-300],[-240,100],[-150,-180],[-340,70],[-130,-270]],[[43804,67276],[-350,-190]],[[43454,67086],[-100,330],[-360,50],[-310,150],[-290,20],[-220,440],[-430,400],[-50,520]],[[32593,67556],[40,-240],[-370,-190],[380,-470],[-580,-230],[-320,-230],[200,-290]],[[31943,65906],[-370,-100]],[[31573,65806],[-190,220],[-670,270]],[[30713,66296],[-240,260],[-50,340],[-190,330]],[[35543,69196],[20,-230],[-350,-300],[-280,10],[-440,-270],[-20,-310]],[[34473,68096],[-210,-140],[-520,-130]],[[23472,66396],[20,170],[-440,120],[-260,-630],[-270,-50],[90,-240],[-180,-350],[-280,120],[-430,-470],[-320,0],[-270,-130]],[[21132,64936],[-180,40],[-260,-170],[-990,70]],[[17182,67766],[330,90],[100,-250],[340,0],[440,330],[200,450],[540,80],[310,-70],[270,130]],[[37953,68666],[190,-220],[-60,-610]],[[38083,67836],[-630,300],[-450,40],[-170,140],[-180,-370],[-400,-60]],[[36253,67886],[-180,430],[-230,120],[-360,-400],[-360,-90],[-330,80]],[[34793,68026],[-320,70]],[[43454,67086],[-620,-70],[-330,-220]],[[42504,66796],[-630,-300],[-190,340],[-450,-220],[-210,120],[-250,-230]],[[40774,66506],[-100,100]],[[40674,66606],[-290,620],[-420,90],[-280,170]],[[39684,67486],[-120,510],[170,230]],[[39684,67486],[-180,-180],[-520,140],[-421,-40]],[[38563,67406],[-270,150],[-210,280]],[[68906,68446],[-20,-350],[90,-590],[-70,-320]],[[68906,67186],[-430,-70],[-200,80],[-200,280]],[[68076,67476],[20,860],[240,460]],[[69596,67996],[-150,-370],[320,-290]],[[69766,67336],[-370,-350]],[[69396,66986],[-490,200]],[[70656,68126],[430,-320],[-60,-150],[-340,-90],[-40,-200],[-240,-150]],[[70406,67216],[-420,160],[-220,-40]],[[36253,67886],[20,-490],[310,-150],[-170,-320],[150,-310]],[[36563,66616],[-240,-130]],[[36323,66486],[-230,-130],[-740,420],[-410,300],[-360,-10],[-120,320],[140,400],[190,240]],[[56005,65446],[-290,90]],[[55715,65536],[-300,170],[-240,400],[-680,280],[-40,510],[-290,130],[100,300],[-290,330]],[[53975,67656],[-160,200]],[[53815,67856],[-100,310],[630,30],[280,260],[540,-210],[80,-190],[1160,-180],[240,-390],[-170,-570],[400,-150]],[[56875,66766],[-270,-300],[220,-320],[-50,-240],[-630,-300],[-140,-160]],[[51375,67126],[-90,-40]],[[51285,67086],[-740,-320]],[[50545,66766],[-380,150],[-100,210],[-611,-30],[-90,-70]],[[49364,67026],[-350,230]],[[49014,67256],[190,200],[-60,480],[290,210],[470,-70],[50,280]],[[49954,68356],[681,50],[360,-170],[520,10],[350,-390]],[[51865,67856],[-420,-360],[-70,-370]],[[38563,67406],[60,-190],[-110,-500],[-190,-90]],[[38323,66626],[-490,150],[-1270,-160]],[[53975,67656],[-310,-110],[-60,-430],[-260,-520],[-340,10],[-270,-220]],[[52735,66386],[-360,230],[-400,30],[230,380],[-570,30],[-260,70]],[[51865,67856],[180,0],[230,260],[-50,220],[750,-40],[740,-320],[100,-120]],[[36323,66486],[390,-350],[-250,-140]],[[36463,65996],[-800,-20]],[[35663,65976],[-510,170],[-130,180],[-460,-130]],[[34563,66196],[160,290],[-410,100],[-130,-180],[-430,-20],[-770,150],[-130,-200],[-670,-180],[-240,-250]],[[47714,68076],[760,-510],[-230,-250],[320,-340],[330,60],[120,220]],[[49364,67026],[10,-390],[-250,-200],[-590,250],[-290,-370],[0,-180]],[[48244,66136],[-130,80],[-740,-180],[-280,150],[-490,130]],[[46604,66316],[-90,190],[-370,350],[-340,170]],[[46604,66316],[-370,-150],[-280,-600]],[[45954,65566],[-80,-320],[-530,160],[-120,-160]],[[45224,65246],[-560,210],[-70,-60]],[[44594,65396],[190,390],[-840,1150],[140,280],[-280,60]],[[69396,66986],[0,-380],[180,-250]],[[69576,66356],[-160,-200],[60,-380],[-160,-200]],[[69316,65576],[-230,-480]],[[69086,65096],[-320,-130]],[[68766,64966],[-440,300]],[[68326,65266],[170,290],[90,440],[-230,590],[-440,530],[160,360]],[[30713,66296],[-490,40],[-170,320],[-360,50],[-80,-310],[-550,-360],[-260,0],[-210,-220]],[[28593,65816],[-250,-500],[260,-210],[-220,-280],[-310,140],[-501,90]],[[27572,65056],[-80,120]],[[55715,65536],[-470,-100],[-570,100],[-210,-260]],[[54465,65276],[-720,680],[-240,-190],[-490,-130]],[[53015,65636],[-20,310],[-330,320],[70,120]],[[40674,66606],[-240,-50],[-160,-410]],[[40274,66146],[-180,-140],[-300,70]],[[39794,66076],[-530,320],[-350,-30],[-211,190],[-310,-30]],[[38393,66526],[-70,100]],[[44594,65396],[-380,-270],[-170,90]],[[44044,65216],[-540,440],[-170,-70],[-250,180],[10,330],[-320,260],[-90,350],[-180,90]],[[69576,66356],[430,0],[200,150],[330,0],[100,220],[270,-90]],[[70906,66636],[180,100],[580,-350],[0,-160]],[[71666,66226],[-160,-690],[210,-120],[50,-230]],[[71766,65186],[-540,40],[-120,-280],[-570,-410]],[[70536,64536],[-190,200],[-590,300],[-380,280],[-60,260]],[[50545,66766],[-120,-210],[60,-530],[310,-240],[-280,-320],[-260,-140]],[[50255,65326],[-361,-40],[-170,160],[-290,0],[-360,160]],[[49074,65606],[-280,0],[-370,280],[-180,250]],[[53015,65636],[-90,-480],[-360,-80],[30,-250],[410,-310],[20,-340]],[[53025,64176],[-330,180],[-230,10]],[[52465,64366],[-160,-10],[-280,250],[-370,150],[-330,-30]],[[51325,64726],[-210,80]],[[51115,64806],[290,430],[-150,260],[-50,620],[190,220],[220,30],[20,320],[-350,400]],[[51115,64806],[-180,220],[-400,130],[-280,170]],[[31573,65806],[100,-310],[-510,-290],[100,-330],[260,0],[140,-220]],[[31663,64656],[-350,-320],[-520,-180]],[[30793,64156],[-410,-270],[-330,-130],[-170,-200]],[[29883,63556],[-510,490],[-430,120],[80,400],[920,570],[340,140],[40,170],[-220,260],[-290,-100],[-250,-280],[-970,490]],[[56875,66766],[230,60],[470,-200],[230,-290],[550,-10],[-40,-240],[260,-140]],[[58575,65946],[30,-360]],[[58605,65586],[-10,-190],[-280,-330],[380,-440]],[[58695,64626],[-10,-10],[-20,-10],[-280,-210],[-530,190],[-490,-50],[-120,-220]],[[57245,64316],[-730,680],[-210,-100],[-270,320],[-30,230]],[[44044,65216],[30,-360],[140,-160],[-790,-580],[-430,-130],[-60,-130]],[[42934,63856],[-290,180],[0,180]],[[42644,64216],[-250,420],[-710,610],[-210,480],[-280,80],[-160,210],[80,280],[-340,210]],[[38393,66526],[-90,-900],[-340,-310],[170,-280],[-180,-140]],[[37953,64896],[-280,10]],[[37673,64906],[-490,460],[60,300],[-460,90],[-320,240]],[[34563,66196],[-380,-120],[-80,-390],[-300,60],[-330,-120],[-280,-360],[-260,-40],[-710,-410],[-340,-30],[-220,-130]],[[42644,64216],[-900,-380],[-240,-230],[-70,-390]],[[41434,63216],[-510,230],[90,160],[-530,100],[20,240]],[[40504,63946],[150,370],[580,270],[-190,400],[180,130],[-140,220],[-380,130],[-60,290],[-370,390]],[[39794,66076],[-130,-450],[-260,-170],[-140,-460],[-320,-340]],[[38944,64656],[-111,220],[-510,-110],[-370,130]],[[35663,65976],[-170,-310],[-440,-330],[-510,-130],[260,-420],[-120,-250]],[[34683,64536],[-370,50],[-420,-110],[-50,-120],[-670,-60],[-250,-310],[-50,-380],[-200,-260],[90,-220]],[[32763,63126],[-180,0]],[[32583,63126],[20,200],[-760,530],[-380,70],[-210,-180],[-460,410]],[[16161,63006],[-190,-200]],[[15971,62806],[-60,-260],[-250,-180],[-40,-190],[-290,-10],[-100,-260],[-480,-300],[-290,0],[-50,-170],[-990,280],[-390,-420],[100,-100],[-340,-381],[-190,-400],[-180,-30],[-190,-280],[-160,160],[-280,-170],[-170,90],[-560,-230],[-40,-320],[-480,-630]],[[10541,59005],[-260,80]],[[10281,59085],[-600,870],[-160,690],[-470,430],[-290,391],[30,920],[-230,130],[-260,-110],[-490,-30],[-410,130],[-580,750],[-50,470],[190,240]],[[49074,65606],[-160,-350],[-310,110],[-280,-520],[-110,-40]],[[48214,64806],[-420,220],[-540,100]],[[47254,65126],[-830,120],[-190,320],[-280,0]],[[40504,63946],[-160,-190]],[[40344,63756],[-460,60],[-70,240],[-380,90],[-330,200],[-160,310]],[[37673,64906],[10,-330],[-490,-470],[60,-380],[-210,-180],[-40,-250]],[[37003,63296],[-180,-130]],[[36823,63166],[-270,100],[-110,250],[240,310],[-190,370],[-310,-20],[-240,-200]],[[35943,63976],[-740,460],[-410,170],[-110,-70]],[[29883,63556],[-220,-290],[-250,-140],[-250,30],[-330,-230]],[[28833,62926],[-230,0],[-120,-220],[-290,-110]],[[28193,62596],[-150,240]],[[28043,62836],[-351,160],[101,530],[-501,-70],[-20,340],[-320,40],[-20,350],[390,60],[250,810]],[[54465,65276],[-470,-160],[-20,-190],[850,-230]],[[54825,64696],[70,-370],[-310,-150],[-110,-390]],[[54475,63786],[-510,70],[-160,210]],[[53805,64066],[-80,160],[-320,110],[-380,-160]],[[58575,65946],[270,-40],[710,310],[340,50],[300,-140],[-20,-450],[310,-240]],[[60485,65436],[40,-200],[-200,-340]],[[60325,64896],[-210,30],[-10,-470]],[[60105,64456],[-680,260],[-150,-270],[-290,120]],[[58985,64566],[-50,560],[140,30],[-290,480],[-180,-50]],[[28043,62836],[-601,-90],[-320,90],[30,170],[-650,40],[-330,-180],[-40,-210],[-340,-30],[-130,-230],[-540,140]],[[25122,62536],[-200,180],[-280,-30]],[[24642,62686],[-40,310],[-200,260],[350,240],[-160,190],[-400,150],[-250,570],[60,380],[130,200]],[[58985,64566],[-290,60]],[[48214,64806],[540,-100],[70,-260],[510,-40],[440,-110]],[[49774,64296],[0,-340]],[[49774,63956],[-340,110],[-490,-290],[0,-300]],[[48944,63476],[-260,-10],[-400,180],[-150,-130],[-330,180],[-180,-50]],[[47624,63646],[0,300],[-670,440],[100,350],[230,100],[-30,290]],[[21132,64936],[50,-400],[-180,-140],[400,-310],[-640,-530],[-180,-230],[-70,-350]],[[20512,62976],[-190,-80]],[[20322,62896],[-190,120],[-310,-420],[10,-180]],[[19832,62416],[-150,-120],[-420,-840],[-450,-361],[-60,-300],[-360,-300]],[[18392,60495],[-270,-50],[-220,-250],[-40,-350],[-420,-400],[-210,-120]],[[17232,59325],[0,320],[-530,250],[20,130],[380,260],[100,190],[-470,10],[-171,140],[-50,330]],[[16511,60955],[120,311],[411,430],[-130,300],[-401,260],[-160,330],[-380,220]],[[57245,64316],[110,-150]],[[57355,64166],[-450,-20]],[[56905,64146],[-380,290],[-1000,240],[-330,-200],[-370,220]],[[51325,64726],[-80,-340],[-150,-10],[-440,430],[-190,-90],[20,-450],[-220,-190],[-491,220]],[[45224,65246],[210,-750],[-170,-120],[60,-300],[-120,-470],[-110,-90],[470,-280]],[[45564,63236],[-380,-210],[20,-200]],[[45204,62826],[-410,190],[-10,240],[-520,200],[-170,250],[-470,-70],[-690,220]],[[40344,63756],[130,-220],[-300,-290],[10,-180],[-290,-60],[-120,150],[-470,-40],[-210,-250],[-180,120],[-341,-230]],[[38573,62756],[-250,-70],[-390,70],[-590,270],[-340,270]],[[52465,64366],[-190,-360],[30,-190],[-340,-200],[-80,-340],[180,-420]],[[52065,62856],[-450,-200],[-100,-270],[-410,-80]],[[51105,62306],[-290,90],[-290,320],[-250,-20],[-240,220],[60,200],[-321,840]],[[35943,63976],[-150,-500],[-350,-150],[-30,-170],[-480,-250],[-120,-160]],[[34813,62746],[-280,-160],[-550,-90],[-470,150],[-750,480]],[[32583,63126],[-410,-160],[-340,130],[-50,-260],[-270,-70],[-180,-230],[80,-620],[-410,-70],[-330,-580]],[[30673,61266],[-470,-171],[-310,161],[-320,-40],[-310,90],[-260,200]],[[29003,61506],[-270,390],[-40,470],[140,560]],[[53805,64066],[-220,-260],[-380,-110],[-20,-200],[380,-120],[30,-240],[-260,-160]],[[53335,62976],[-250,150],[-1020,-270]],[[45204,62826],[-380,-310],[-70,-390],[180,-160],[-230,-330]],[[44704,61636],[-10,140],[-580,180]],[[44114,61956],[-220,210],[-80,270],[-320,110],[-390,-140],[-520,120],[-170,180],[100,320],[-500,140],[-200,-40]],[[41814,63126],[-380,90]],[[54475,63786],[820,-510],[200,40],[400,-250]],[[55895,63066],[530,-300],[-90,-190]],[[56335,62576],[-140,-180],[-760,210],[-60,-250]],[[55375,62356],[-380,10],[-230,200],[-220,-120],[20,-190],[-510,-260]],[[54055,61996],[70,630],[-450,120],[-340,230]],[[51105,62306],[10,-340]],[[51115,61966],[-170,90],[-270,-150],[-230,120],[-461,-70],[-160,-500]],[[49824,61456],[-250,0],[-350,150],[-250,260],[-390,50]],[[48584,61916],[-360,180],[-250,280]],[[47974,62376],[120,110],[110,440],[210,10],[250,200],[60,260],[220,80]],[[25122,62536],[-100,-320],[-240,-290],[10,-180],[-260,-260],[190,-270],[360,-191],[0,-360],[-150,-170],[170,-180]],[[25102,60315],[-340,-100]],[[24762,60215],[-550,60]],[[24212,60275],[40,180],[-830,160],[-170,120],[-390,-80],[-280,170],[-340,-200],[-360,130],[-420,0],[-420,-380]],[[21042,60375],[-260,-30],[-70,230],[-410,360],[-80,371],[360,990],[-70,240],[300,60],[-50,360]],[[20762,62956],[40,20],[110,-40],[200,140]],[[21112,63076],[360,260]],[[21472,63336],[140,-110],[640,-90],[310,60],[310,-160],[350,30],[390,-80],[70,-240],[240,-290],[180,90],[310,-130],[230,270]],[[62456,62526],[-340,-270]],[[62116,62256],[-380,90],[-10,160],[-320,110],[-290,-210],[-531,-120],[-370,-400]],[[60215,61886],[-290,-210],[-370,80],[-50,180]],[[59505,61936],[140,490],[140,70],[0,480],[120,200]],[[59905,63176],[-40,130],[270,440]],[[60135,63746],[20,-140],[510,-60],[70,-110],[701,-320],[500,-50],[-50,-350],[570,-190]],[[16511,60955],[-360,140],[-620,-890],[-580,-480],[40,-360],[-400,20],[-210,-310],[80,-130]],[[14461,58945],[-179,-12]],[[14282,58933],[-78,-5],[-5,-1]],[[14199,58927],[-28,-2],[-5,0]],[[14166,58925],[-185,-13]],[[13981,58912],[-100,-7]],[[13881,58905],[-82,67]],[[13799,58972],[-190,154]],[[13609,59126],[-98,79]],[[13511,59205],[-217,-60],[-1,0]],[[13293,59145],[-3,-1]],[[13290,59144],[-249,-69]],[[13041,59075],[-22,1],[-164,4]],[[12855,59080],[-244,5]],[[12611,59085],[-10,0],[-60,-15],[-68,-18],[-54,-14]],[[12419,59038],[-10,-3]],[[12409,59035],[-268,-70]],[[12141,58965],[-160,120],[-12,1],[-85,1]],[[11884,59087],[-116,3]],[[11768,59090],[-24,1]],[[11744,59091],[-213,4],[-340,-170],[-310,-40]],[[10881,58885],[-340,120]],[[28193,62596],[-200,-140],[-40,-500],[-281,-200],[-170,-410],[-750,-241],[-720,-370],[60,-210],[-350,-320],[-200,110],[-150,-110]],[[25392,60205],[-290,110]],[[68176,61756],[-370,180],[-320,-140],[-330,-270],[50,-250],[220,-140],[-100,-181],[-190,70],[-180,-20]],[[66956,61005],[-60,181],[-480,60]],[[66416,61246],[-630,260],[-470,-110],[-40,260]],[[65276,61656],[170,350],[-90,450],[590,-70],[800,20],[120,220],[500,130],[-10,340]],[[67356,63096],[220,-80],[260,-470],[280,-80],[-100,-340],[160,-370]],[[38573,62756],[-140,-470],[130,-420]],[[38563,61866],[-390,-640]],[[38173,61226],[-60,-171],[50,-100],[50,-190],[40,-20],[70,-100]],[[38323,60645],[-270,-110],[-390,-20],[-230,370],[-460,-50],[-170,-160]],[[36803,60675],[-30,100],[310,521],[-280,130],[220,350],[-200,80],[-520,-190],[140,-350],[-390,100],[-500,-351],[160,-210]],[[35713,60855],[-390,-300]],[[35323,60555],[-190,280]],[[35133,60835],[-160,401],[-10,290],[0,60],[50,60],[140,-30],[70,110],[10,180],[110,140]],[[35343,62046],[700,-50],[210,150],[320,50],[-160,340],[410,630]],[[34813,62746],[-160,-210],[430,-210],[260,-280]],[[35133,60835],[-170,50],[-160,-300],[270,-100]],[[35073,60485],[-120,-50],[-10,-50],[40,-190],[-600,-450],[70,-110]],[[34453,59635],[-270,-20],[-480,160],[160,230],[-640,150],[-310,-470],[-220,20],[-270,210],[-110,-180]],[[32313,59735],[-290,10],[-90,170],[-280,-10],[-200,520]],[[31453,60425],[280,120],[60,350],[-150,621],[-180,60],[-280,-170],[-30,-200],[-480,60]],[[29003,61506],[-140,40],[-790,-130],[-130,-441],[-301,-410],[361,-540],[310,80],[260,-170],[-100,-340]],[[28473,59595],[-280,130],[-1001,-420],[30,-560],[-520,-100]],[[26702,58645],[-330,410],[-140,310]],[[26232,59365],[100,360],[-220,50],[-560,460],[-160,-30]],[[44114,61956],[20,-130],[-490,-300],[-160,-210],[-490,-271],[80,-670]],[[43074,60375],[-420,80],[-310,-160],[-80,-220]],[[42264,60075],[-260,310],[-210,-190],[-260,40]],[[41534,60235],[90,110],[210,220],[270,170],[-90,220],[-320,140],[10,341],[-320,30],[-400,-150]],[[40984,61316],[130,350],[250,190]],[[41364,61856],[220,370],[140,410],[-300,150],[390,340]],[[54055,61996],[-290,-410],[-230,-120]],[[53535,61466],[-130,50],[-310,-240],[-390,-100]],[[52705,61176],[-20,280],[-430,330],[-230,-100],[-320,200],[-240,10]],[[51465,61896],[-350,70]],[[45204,62826],[180,-120],[-60,-260],[320,-250],[490,-70]],[[46134,62126],[200,-300],[-140,-510],[-270,-190]],[[45924,61126],[-330,-121],[-180,201],[-850,260],[140,170]],[[62456,62526],[70,40]],[[62526,62566],[280,-370],[350,10],[430,140],[260,-100]],[[63846,62246],[140,-50],[-60,-570]],[[63926,61626],[120,-270],[-450,-361]],[[63596,60995],[-270,60],[-20,391],[-340,330],[-110,-220]],[[62856,61556],[-290,250],[-240,-80],[-240,220],[30,310]],[[56335,62576],[110,-90],[740,-20]],[[57185,62466],[-100,-390],[-220,-270],[80,-170],[-240,-460]],[[56705,61176],[-270,-241],[-360,-100],[-210,-150]],[[55865,60685],[-480,170],[0,361],[-160,120]],[[55225,61336],[310,370],[-130,160],[70,400],[-100,90]],[[48584,61916],[-100,-760],[-270,-81],[-80,-180],[240,-140]],[[48374,60755],[190,-370],[-330,-460],[-260,-120],[-190,-250]],[[47784,59555],[-520,90],[-170,470],[-340,50],[-430,190],[-140,330],[-290,90]],[[45894,60775],[30,351]],[[46134,62126],[480,240],[150,270],[310,-130],[460,100],[140,-290],[300,60]],[[55225,61336],[-780,60],[-40,-361],[-470,81]],[[53935,61116],[-400,350]],[[69466,62116],[690,-380],[560,150],[100,-530],[500,-301],[-260,-310],[-360,-30],[-240,100],[-1020,0]],[[69436,60815],[40,351],[-610,-10]],[[68866,61156],[-310,140],[-40,260],[660,470],[290,90]],[[68176,61756],[140,-520],[140,-181],[410,101]],[[69436,60815],[50,-400],[-190,-360],[-400,-260],[-180,230],[-290,-150],[110,-180],[-360,-300],[-140,-260]],[[68036,59135],[-460,540]],[[67576,59675],[230,220],[-20,170],[-540,380],[-50,190],[-10,340],[-230,30]],[[38323,60645],[70,-810],[-140,-350],[0,-360],[-290,-80],[-80,-170],[-360,70],[-230,-290],[-130,-340]],[[37163,58315],[-240,60],[130,290],[-240,310],[-450,-140],[100,350],[-30,510],[-320,120],[-150,200],[20,370]],[[35983,60385],[700,90],[120,200]],[[51465,61896],[-170,-250],[220,-120],[-160,-310],[-410,-20],[30,-241]],[[50975,60955],[-80,-120],[-760,-10],[-30,220],[-371,-50]],[[49734,60995],[130,221],[-40,240]],[[60325,64896],[180,-90],[-20,-380],[230,-70],[330,170],[121,-260],[330,-170],[130,140],[620,-270],[0,-210],[200,-190]],[[62446,63566],[20,-190],[-270,-380],[340,-220],[-10,-210]],[[60135,63746],[50,120],[-80,590]],[[62446,63566],[160,130]],[[62606,63696],[330,-270],[380,90]],[[63316,63516],[230,-500],[450,10],[100,-490],[-250,-290]],[[17232,59325],[-20,-230],[-480,-660]],[[16732,58435],[-141,-390]],[[16591,58045],[-274,7]],[[16317,58052],[-7,3],[-79,30],[-153,-27]],[[16078,58058],[-277,7],[-150,320]],[[15651,58385],[-210,45],[-197,43]],[[15244,58473],[-3,2],[-90,90],[-10,-50],[-50,-10],[-50,-140],[-40,10],[20,-140]],[[15021,58235],[-229,221],[-3,2]],[[14789,58458],[32,97],[-90,20],[-41,-18],[-3,-1]],[[14687,58556],[-166,159]],[[14521,58715],[-42,161]],[[14479,58876],[22,49],[-40,20]],[[45894,60775],[-140,-130],[-370,-60],[-390,120],[-50,-370],[-350,-470],[-140,-30]],[[44454,59835],[-290,160],[-300,50],[-300,-130],[-100,350],[170,110],[-120,400],[-410,-230],[-30,-170]],[[52705,61176],[-640,-411],[10,-580],[150,-750]],[[52225,59435],[-360,-200],[-360,-10],[-340,210],[-80,580]],[[51085,60015],[0,350],[240,-10],[90,420],[-440,180]],[[49734,60995],[-510,-70],[-730,120],[-120,-290]],[[31453,60425],[-150,110],[-320,-10],[-300,-190],[-290,70],[-430,-110],[-50,-270],[300,-300],[-490,-210],[170,-200],[310,50],[300,-170],[120,-500],[-310,-320],[-400,290],[-150,-50],[90,-320]],[[29853,58295],[-280,40],[-530,-80],[-240,280],[-20,500],[-190,-10],[-120,570]],[[67576,59675],[-180,-360]],[[67396,59315],[-430,-10],[-700,190]],[[66266,59495],[-180,460],[220,400],[-160,150],[20,290]],[[66166,60795],[250,451]],[[53935,61116],[-210,-161],[-100,-430],[100,-240],[-80,-260],[-330,-410],[240,-250],[-190,-290],[40,-340],[-150,-100],[-590,40]],[[52665,58675],[20,300],[-140,310],[-320,150]],[[55865,60685],[-50,-110]],[[55815,60575],[-80,-150],[-400,-230],[-760,-800],[-260,-420]],[[54315,58975],[-240,-310],[-220,-50]],[[53855,58615],[-530,-100],[-740,70]],[[52585,58585],[80,90]],[[18392,60495],[-50,-250],[470,-520],[270,-20],[-60,-310],[350,30],[170,180],[580,290],[260,-160],[250,30]],[[20632,59765],[-130,-490],[220,-70],[350,-450],[-50,-300],[180,-70],[200,-590],[210,-90]],[[21612,57705],[-250,-300],[-400,130],[-60,-350],[170,-500]],[[21072,56685],[-180,-140],[-230,350],[-270,-150],[-540,60],[-260,-170],[-570,20],[-300,80],[-240,-110],[-170,-300],[-320,-80]],[[17992,56245],[30,290]],[[18022,56535],[130,70],[-40,390],[-300,40],[-250,-170],[-100,250],[-300,150],[-200,230],[280,530],[-250,140],[40,330],[-300,-60]],[[66266,59495],[-160,-30],[40,-470],[-180,-440]],[[65966,58555],[-150,-30],[-240,300],[-210,-40],[-420,160],[-240,-20]],[[64706,58925],[200,740],[160,100],[-40,450],[110,130]],[[65136,60345],[400,100],[110,450],[520,-100]],[[51085,60015],[-370,-400],[-500,50],[-511,-230],[-380,80],[-80,-430]],[[49244,59085],[-360,-80],[0,-190],[-410,40]],[[48474,58855],[-280,620],[-410,80]],[[35713,60855],[270,-470]],[[37163,58315],[20,-80]],[[37183,58235],[-60,-230],[-570,-560],[-350,160],[-400,420],[-290,120],[-380,-420],[-210,210],[140,160],[-350,250]],[[34713,58345],[30,700],[-290,590]],[[35073,60485],[250,70]],[[62836,60095],[190,-930],[180,-300]],[[63206,58865],[-380,-330],[-160,-450]],[[62666,58085],[-350,250],[-250,60],[80,310],[-580,140],[-10,320],[-250,260]],[[61306,59425],[-281,290],[-280,30],[-190,370]],[[60555,60115],[480,30]],[[61035,60145],[491,-80],[310,150],[550,420]],[[62386,60635],[50,-290],[400,-250]],[[24762,60215],[-50,-220],[-530,-670],[930,-220],[320,70]],[[25432,59175],[110,-200],[30,-400],[-550,-540],[-220,-140],[-540,-20],[-620,200],[-400,-520]],[[23242,57555],[-140,100],[-380,0],[90,320],[250,280],[-140,150],[-400,40]],[[22522,58445],[310,340],[-50,250],[110,250],[290,-340],[350,200],[-50,230],[-400,120],[-120,330],[260,100],[200,-240],[270,-40],[260,110],[-10,290],[270,230]],[[64706,58925],[-340,10],[-130,-270]],[[64236,58665],[-550,230],[-340,-160],[-140,130]],[[62836,60095],[270,-110],[230,110],[150,440]],[[63486,60535],[410,-80],[680,60],[560,-170]],[[48474,58855],[20,-40]],[[48494,58815],[-410,30],[-1080,-260],[-260,20],[-980,-350],[-680,-340]],[[45084,57915],[-40,250],[-460,330],[0,690],[-230,230],[100,420]],[[45084,57915],[290,-180]],[[45374,57735],[-140,-260],[-230,10],[-330,-270],[-170,90],[-450,-180]],[[44054,57125],[-150,-50]],[[43904,57075],[-310,40],[-350,-290],[-90,460],[-630,-270],[-290,-190],[-380,-70]],[[41854,56755],[930,680],[-250,300],[-330,560],[30,580],[-320,230],[210,210],[570,280],[-100,230],[-270,40],[-60,210]],[[32313,59735],[-150,-150],[130,-220],[-260,-420],[50,-530],[-70,-120],[420,-200],[180,-200]],[[32613,57895],[-330,-230],[-370,-20],[-430,160],[90,-350],[-300,-380],[180,-200],[20,-380]],[[31473,56495],[-310,0]],[[31163,56495],[-210,190],[60,430],[-540,10],[-180,-120],[-310,280]],[[29983,57285],[140,270],[-200,200],[-110,280],[40,260]],[[61306,59425],[-421,-130],[-100,90]],[[60785,59385],[-560,180],[-250,-530],[40,-230],[-460,-190],[-580,70]],[[58975,58685],[-240,260],[90,260],[-180,220],[380,610]],[[59025,60035],[540,230],[300,210]],[[59865,60475],[450,-60],[10,-230],[230,-70]],[[58975,58685],[-140,-150]],[[58835,58535],[-150,50],[-680,-510]],[[58005,58075],[-210,150],[-420,-140],[-60,300],[-290,220],[-740,-430],[-300,-370]],[[55985,57805],[-130,160],[-400,190],[-50,320]],[[55405,58475],[220,250],[320,-180],[210,50],[190,430],[410,140],[40,210],[-320,370],[260,160],[60,430]],[[56795,60335],[420,20]],[[57215,60355],[180,20],[610,-240],[130,200],[250,10]],[[58385,60345],[510,-120],[130,-190]],[[34713,58345],[-350,-180],[-250,-250],[-30,-210]],[[34083,57705],[-230,-70],[-790,260],[-450,0]],[[29983,57285],[-270,-40],[-430,240],[-110,260],[-250,-200],[-230,-20],[-620,140],[-371,-120]],[[27702,57545],[-330,-50],[30,-350],[-290,-70],[-350,-560],[-490,-100],[-360,-390]],[[25912,56025],[-360,160],[-70,200],[-350,200]],[[25132,56585],[210,350],[610,-190],[460,300],[-290,280],[210,340],[-290,500],[200,180],[390,-30],[70,330]],[[68036,59135],[360,-600],[690,-220],[160,-150],[610,-290],[420,50],[200,-230],[20,-350],[-160,-170]],[[70336,57175],[-230,-220],[-410,-130],[-360,-560],[-580,-60],[-210,-140]],[[68546,56065],[-390,-120],[-180,400],[-150,-120]],[[67826,56225],[-250,100],[-160,230],[50,380],[130,70],[0,390],[300,90],[110,400],[-210,100],[80,250],[-110,330],[-200,160]],[[67566,58725],[70,510],[-240,80]],[[52585,58585],[-350,-90],[-60,-600],[100,-160],[-280,-540]],[[51995,57195],[-410,-600],[-400,-160],[-490,0],[-460,300]],[[50235,56735],[-511,540],[281,130],[80,670],[-191,30],[111,390],[180,260],[-90,220],[-221,-20],[-130,200],[-500,-70]],[[67566,58725],[-330,50],[30,-660],[-320,-400],[-230,-20]],[[66716,57695],[-200,10],[-60,880],[-490,-30]],[[25132,56585],[-430,-250],[-270,-60],[-700,10],[-380,-200]],[[23352,56085],[-130,350],[250,550],[-330,440],[100,130]],[[25432,59175],[200,-70],[600,260]],[[63596,60995],[-110,-460]],[[62386,60635],[-60,511],[-310,-71]],[[62016,61075],[840,481]],[[62666,58085],[210,-490],[-100,-230],[290,-40]],[[63066,57325],[-310,-400]],[[62756,56925],[-350,130],[-290,-470],[-240,80],[-380,-180]],[[61496,56485],[-130,110],[-361,-90],[-180,180]],[[60825,56685],[-270,410],[-430,100],[-100,240],[570,140],[10,180]],[[60605,57755],[60,840],[-320,280],[150,370],[290,140]],[[66716,57695],[-30,-300],[-650,-600],[-360,180],[-350,-40]],[[65326,56935],[-330,40],[-140,240],[-290,120],[-120,-120]],[[64446,57215],[-140,90],[380,290],[-80,270],[-210,30],[-250,440],[90,330]],[[50235,56735],[-411,-150]],[[49824,56585],[-200,-260],[-470,-180]],[[49154,56145],[-800,120],[-180,110]],[[48174,56375],[-30,310],[-270,160],[-520,50],[-310,380],[210,360],[210,0],[560,400],[420,480],[50,300]],[[67826,56225],[-190,-300],[170,-290],[-100,-200],[-290,-60],[-470,230],[-590,-40]],[[66356,55565],[-300,20],[-130,240],[-490,200],[-380,0],[-230,210]],[[64826,56235],[150,140],[350,10],[210,150],[-210,400]],[[64446,57215],[-70,-220],[-940,290],[-370,40]],[[54315,58975],[290,-360],[560,-20],[240,-120]],[[55985,57805],[-170,-160],[460,-320],[-90,-440],[80,-70]],[[56265,56815],[-40,-200],[-340,100],[-460,-160],[-670,-20],[-400,-330]],[[54355,56205],[-280,220],[-250,660],[420,120],[-580,600],[190,810]],[[48174,56375],[-440,-130],[-250,150],[-290,40],[-380,-210],[-290,100],[-200,280],[-220,-130]],[[46104,56475],[-200,100],[-30,500],[-220,360],[40,180],[-320,120]],[[58005,58075],[40,-130],[430,50],[330,-120],[-170,-310],[-390,50],[40,-430],[270,-210],[-170,-260],[-600,110],[-10,-360],[110,-560]],[[57885,55905],[-290,10]],[[57595,55915],[-100,60],[40,470],[-60,220],[-900,190],[-310,-40]],[[54355,56205],[-10,-550]],[[54345,55655],[-270,-220],[-560,130],[-230,700],[-460,140],[-190,390],[-290,340],[-350,60]],[[37183,58235],[280,-40],[370,90],[250,-70],[-70,-260],[-470,-300],[-140,-240],[310,-220]],[[37713,57195],[140,-310],[-320,-300],[200,-230],[290,-100],[220,-460],[-40,-660],[-370,-170],[170,-450],[-140,-220]],[[37863,54295],[-330,-100],[-970,140]],[[36563,54335],[-340,390],[-270,20],[0,300],[370,270],[-820,170],[30,170],[-270,280],[-220,-240],[-240,90]],[[34803,55785],[-140,270],[140,500],[-50,390],[-320,-60],[-230,120],[60,250],[-180,450]],[[11443,56747],[466,5]],[[11909,56752],[240,2]],[[12149,56754],[102,1]],[[12251,56755],[30,-130],[6,-1]],[[12287,56624],[54,-199]],[[12341,56425],[160,-90],[20,-50],[40,60],[109,27]],[[12670,56372],[21,-3]],[[12691,56369],[40,-24],[70,6]],[[12801,56351],[40,-6],[70,99]],[[12911,56444],[30,11],[300,40],[-10,50],[-130,70],[-24,64]],[[13077,56679],[56,78]],[[13133,56757],[8,8],[-2,1]],[[13139,56766],[42,59]],[[13181,56825],[90,10],[30,-40],[10,-50],[10,20],[30,40],[100,-10],[20,40],[20,20],[-80,60],[-6,20]],[[13405,56935],[94,45]],[[13499,56980],[22,-15],[100,30],[40,-30],[0,70],[110,-10],[70,122]],[[13841,57147],[180,88]],[[14021,57235],[60,-130],[0,-10],[9,3]],[[14090,57098],[1,-3],[142,-45]],[[14233,57050],[8,-15],[40,0]],[[14281,57035],[74,-23]],[[14355,57012],[16,-27],[69,0]],[[14440,56985],[31,-10],[5,-9]],[[14476,56966],[15,-61],[20,-7]],[[14511,56898],[70,-133]],[[14581,56765],[390,-120]],[[14971,56645],[-360,-230],[-170,50],[-70,-680],[-60,-180],[-370,70],[-380,-190],[-200,150],[-150,-340]],[[13211,55295],[-370,-180],[-300,-10],[-580,90],[-240,-60]],[[11721,55135],[-290,190],[-250,380],[-520,20],[-20,240],[-460,-430],[-60,790],[120,210],[750,270]],[[10991,56805],[260,-60],[192,2]],[[37713,57195],[530,260],[280,50],[100,510],[531,250],[240,-150],[540,-20]],[[39934,58095],[210,-250],[-310,-850],[270,-70],[-50,-260],[110,-370]],[[40164,56295],[-120,-440],[370,-50],[-30,-280]],[[40384,55525],[-480,-500],[-220,-60],[-160,-290],[-550,-230],[-491,-340]],[[38483,54105],[-220,220],[-400,-30]],[[30553,55095],[-110,-70],[-130,-440],[-260,-280],[-160,-390],[-280,210],[-790,-140]],[[28823,53985],[-100,160],[-510,180],[-681,-30],[-150,70]],[[27382,54365],[210,80],[110,380],[0,350],[-200,260]],[[27502,55435],[631,200],[320,10]],[[28453,55645],[70,-290],[250,100],[460,-140],[110,-150],[390,-20],[370,110],[450,-160]],[[34803,55785],[-240,-490],[-300,-30],[-170,-220],[-290,50],[-650,-30],[-350,350],[-280,-320],[-370,130]],[[32153,55225],[-40,210],[480,470],[-250,180],[-340,-30],[-200,140],[-130,280],[-200,20]],[[14971,56645],[10,-10],[30,10]],[[15011,56645],[130,0]],[[15141,56645],[170,0]],[[15311,56645],[230,190],[0,300]],[[15541,57135],[60,-40],[60,0],[65,65]],[[15726,57160],[67,9]],[[15793,57169],[8,-4],[20,-60],[80,20],[40,60],[50,10],[120,-180],[70,-30],[27,9]],[[16208,56994],[63,-59]],[[16271,56935],[-160,-250],[-100,-380],[150,-530],[-10,-420],[-110,-140]],[[16041,55215],[-600,180],[-400,-570],[50,-110],[-370,-230],[60,-450],[-320,-130]],[[14461,53905],[-180,-80],[-320,210],[-50,420],[260,200],[160,270],[-360,0],[-130,120],[-350,-20],[-210,150]],[[13281,55175],[-70,120]],[[31163,56495],[-10,-250],[-200,-470]],[[30953,55775],[-240,-600],[-160,-80]],[[28453,55645],[-180,590],[-180,170],[-90,320],[-381,420],[80,400]],[[46104,56475],[30,-160],[290,-380],[-280,-190],[-10,-500],[500,120],[210,-110],[330,60],[240,-390]],[[47414,54925],[-250,-380],[-250,-10],[-290,-270],[-490,-50],[-320,-390],[-270,-80],[-410,160],[30,140],[-260,210]],[[44904,54255],[110,30],[230,440],[-150,230],[-30,450],[-170,70],[0,470],[-240,240],[150,190],[-320,390],[-200,-20],[-230,380]],[[70336,57175],[150,-200],[-40,-410],[-430,-170],[-140,-490],[90,-310],[450,-350],[130,-220],[-180,-700]],[[70366,54325],[-120,-460],[50,-220],[-120,-350],[-140,-40],[-700,110]],[[69336,53365],[10,160],[310,380],[-300,340]],[[69356,54245],[-300,350],[210,600],[-440,410],[-420,150],[140,310]],[[64826,56235],[-580,230],[-390,-160]],[[63856,56305],[-750,490],[-350,130]],[[21072,56685],[360,-150]],[[21432,56535],[-360,-230],[-430,-160],[-100,-210],[20,-370],[-180,-30],[-380,-720]],[[20002,54815],[-230,-150],[-210,300],[-250,90],[-440,-20]],[[18872,55035],[100,570],[-290,110],[-170,-150],[-160,320],[-360,360]],[[43904,57075],[-380,-330],[-10,-200],[250,-380],[-40,-370],[-460,-20],[-280,200],[-220,-460],[-220,-90],[-60,-570]],[[42484,54855],[-290,-160],[-440,-100],[-110,80],[-210,780],[-490,60],[-420,-60],[-140,70]],[[40164,56295],[420,210],[230,320],[310,-180],[300,40],[250,-130],[180,200]],[[63856,56305],[80,-220],[-80,-220]],[[63856,55865],[-310,0],[-770,-210]],[[62776,55655],[-390,250],[-430,0],[-190,130],[-270,450]],[[21432,56535],[350,70],[280,-390],[-150,-560],[450,30],[340,-100],[80,-240]],[[22782,55345],[-690,-400],[-140,-330],[700,-330]],[[22652,54285],[-780,-450],[-410,90],[-230,-170]],[[21232,53755],[-240,410],[-410,-30],[40,300],[-540,240]],[[20082,54675],[-80,140]],[[44904,54255],[-260,350],[-170,-360]],[[44474,54245],[-200,-50],[-500,300],[-190,-170],[-480,90],[90,230],[-170,150],[-430,-80]],[[42594,54715],[-110,140]],[[57595,55915],[-160,-150],[90,-200],[-220,-160]],[[57305,55405],[-90,-90],[-740,450],[-590,-40],[-270,-170]],[[55615,55555],[-240,-80],[30,-290],[-280,-160],[50,-210],[-230,-180],[-400,20]],[[54545,54655],[-380,170],[170,390],[10,440]],[[25912,56025],[-230,-290],[-340,20],[-180,-440],[-250,230],[-400,-40],[-270,-180],[-120,-450],[320,-440],[-120,-190],[60,-240]],[[24382,54005],[-10,-160],[-440,90],[-350,-20]],[[23582,53915],[-780,140],[-150,230]],[[22782,55345],[250,30],[260,380],[60,330]],[[62776,55655],[-410,-340],[-190,-400],[-450,190],[-70,300],[-260,20],[-140,-220],[-531,-50]],[[60725,55155],[-450,590],[-480,-100],[0,550],[-110,180],[210,330]],[[59895,56705],[320,-10],[340,-360],[270,350]],[[60725,55155],[-90,-180]],[[60635,54975],[-290,100],[-210,-50],[-380,150],[-250,240],[-490,-40],[-400,90],[-210,160],[80,190]],[[58485,55815],[360,70],[300,-70],[160,270],[-150,90],[740,530]],[[32153,55225],[-90,-300],[460,-330],[-220,-590],[-620,-210]],[[31683,53795],[-370,70],[-170,270],[-20,360],[-160,60],[410,410],[-40,570],[-380,240]],[[69356,54245],[-180,-300],[-650,130],[-80,-260],[-330,-290],[-370,-160],[-350,-20],[-330,100],[-100,150]],[[66966,53595],[180,210],[-410,400],[-300,380],[-370,300]],[[66066,54885],[0,260],[290,420]],[[47884,53905],[260,690],[-330,280],[-400,50]],[[49154,56145],[360,-360],[-70,-430],[210,-140],[30,-390],[331,-100],[-10,-280],[-571,-470],[100,-340],[-120,-210]],[[49414,53425],[-400,20],[-240,110],[-430,-200],[-150,20]],[[27382,54365],[-90,-140],[-40,-510],[-300,710],[-160,-350],[110,-390],[-280,-120]],[[26622,53565],[-80,120],[-690,-80],[-160,220],[-200,20],[-310,-330],[-120,-390]],[[25062,53125],[-230,0],[-230,210],[100,350],[-50,230],[-270,90]],[[25912,56025],[140,30],[510,-660],[410,60],[400,-110],[130,90]],[[16041,55215],[-20,-250],[-200,-80],[730,-500],[241,90]],[[16792,54475],[-120,-180],[100,-210]],[[16772,54085],[-20,-190],[-281,-70],[-300,-280]],[[16171,53545],[-240,330],[-350,-10],[-190,120],[-430,50],[-110,-280],[-390,150]],[[12841,51485],[250,270],[-70,240],[410,-60],[170,-240],[270,150],[-50,340],[-280,20],[-30,680],[-230,220],[90,640],[-330,30],[-50,370],[280,100],[-390,230],[-10,340],[290,20],[120,340]],[[16171,53545],[-160,-290],[-500,-40],[-420,-330],[-40,-610]],[[15051,52275],[-280,-130],[40,-210],[-210,-120],[0,-520]],[[14601,51295],[-130,-450],[-320,-600]],[[36563,54335],[-70,-390],[-190,-240],[-900,-130],[-80,-70]],[[35323,53505],[-430,-220],[-350,-80],[-650,-300]],[[33893,52905],[-230,550],[-360,-70],[-560,-210],[-170,-150],[-370,210],[-330,90],[-330,360],[140,110]],[[63026,52615],[-480,250],[60,450],[220,220],[-880,10]],[[61946,53545],[-680,490],[-541,70]],[[60725,54105],[-230,340],[220,270],[-80,260]],[[63856,55865],[340,-200]],[[64196,55665],[-30,-420],[-140,-410],[-220,-160],[-20,-260],[-220,-460],[120,-100],[-220,-530],[60,-160],[-330,-270]],[[30833,52095],[-150,210],[-270,640],[-10,210],[-650,-60],[-60,-90],[-520,-90],[-240,-110],[-410,500],[50,470],[250,210]],[[33893,52905],[-610,230],[-360,-370],[-410,-50],[-160,-230],[-380,-90],[-450,-280],[-380,20]],[[57885,55905],[80,-150],[520,60]],[[60725,54105],[-260,-300],[160,-580],[-430,150],[-510,-160]],[[59685,53215],[-110,110],[370,250],[-150,360],[-440,30],[-340,230],[-560,50],[20,190],[-470,-80],[-140,-160],[20,-240],[-380,-390]],[[57505,53565],[-130,180],[-50,360],[40,530]],[[57365,54635],[-60,250],[210,320],[-210,200]],[[64196,55665],[390,-20],[660,-250],[230,-190],[590,-320]],[[66966,53595],[-240,-100],[-40,-270],[-370,90]],[[57365,54635],[-370,-160],[-690,130],[-260,220],[-250,70],[120,270],[-20,300],[-280,90]],[[17922,52875],[250,500]],[[18172,53375],[50,190],[500,-50],[310,380],[230,-300],[230,320],[320,-190]],[[19812,53725],[40,-120],[-200,-570],[-180,-970]],[[39364,53395],[-70,490],[-320,140],[-191,-140],[-390,20],[90,200]],[[42594,54715],[20,-220],[-260,-270],[90,-390]],[[42444,53835],[-240,190],[-340,-10],[-200,-130],[-190,170],[-870,-400],[40,-170],[-140,-410]],[[57505,53565],[150,-270],[-20,-450]],[[57635,52845],[-420,-210],[-420,270],[-130,-200],[-470,-30],[-10,180],[-360,160],[-120,-230],[-420,20]],[[55285,52805],[110,260],[250,250],[-80,170],[-670,10],[-390,440],[-90,190]],[[54415,54125],[130,530]],[[19812,53725],[190,210],[130,580],[-50,160]],[[21232,53755],[250,-540],[230,40],[20,-300],[-210,-280],[-80,-320]],[[27252,52035],[130,220],[431,130],[-191,150],[-300,40],[-270,520],[-430,470]],[[46544,52485],[-140,350],[-330,-90],[-480,50],[-80,220],[-790,250],[20,300],[200,230],[-470,450]],[[23582,53915],[-10,-650],[-370,-540],[-460,10],[60,-570],[-130,-60]],[[69356,52095],[-190,250]],[[69166,52345],[-30,70]],[[69136,52415],[20,470],[180,480]],[[70366,54325],[350,70],[450,-160],[-290,-780],[380,-410],[-190,-290],[170,-210],[-130,-140],[250,-730],[-10,-470],[240,-260],[-40,-260]],[[44704,51875],[-250,340],[-370,-10],[-490,550],[10,300],[-480,-120],[-710,200],[150,400],[-120,300]],[[69136,52415],[-520,30],[-700,140],[-470,-360]],[[59685,53215],[-220,-290]],[[59465,52925],[-600,250],[-310,-160],[-320,-10],[-280,-870]],[[57955,52135],[-110,370],[20,240],[-230,100]],[[36153,52585],[40,190],[-420,330],[-20,310],[-430,90]],[[25062,53125],[-10,-310],[180,-40],[130,-440],[430,30],[140,-140],[-470,-270],[10,-450]],[[52275,52375],[750,230],[60,380],[-180,80],[-310,330],[150,260],[-170,120],[190,340]],[[52765,54115],[240,170],[570,100],[460,-270],[380,10]],[[55285,52805],[-180,-270],[-300,-180],[-230,10],[-250,-220],[0,-150]],[[60985,51855],[-210,140],[50,260],[-170,350],[-480,-90],[-80,410],[-190,140],[-440,-140]],[[61946,53545],[-190,-160],[40,-430],[-140,-220],[-30,-390],[-280,-250]],[[49414,53425],[-50,-340],[320,-160],[361,-40]],[[50045,52885],[400,-160],[470,-360],[340,110]],[[57945,51875],[10,260]],[[68226,51125],[-290,-60]],[[69166,52345],[-120,-260],[-290,-30]],[[60605,57755],[-710,200],[-430,-50],[-410,140],[60,150],[-280,340]],[[59505,61936],[-340,-140],[-400,50],[-280,290]],[[58485,62136],[-130,230],[-90,560],[-170,90],[-160,350]],[[57935,63366],[370,130],[370,-190],[420,-30],[340,-140],[470,40]],[[62016,61075],[-240,-100],[-420,291]],[[61356,61266],[-391,250],[-280,90],[50,200],[-370,160],[-150,-80]],[[63926,61626],[330,160],[340,-110],[280,190]],[[64876,61866],[10,-280],[390,70]],[[61035,60145],[-90,320],[110,280],[-270,260]],[[60785,61005],[10,100]],[[60795,61105],[391,31],[170,130]],[[59865,60475],[190,150],[40,400],[460,-160],[230,140]],[[56705,61176],[350,-301],[160,30]],[[57215,60905],[-80,-80],[80,-470]],[[56795,60335],[-170,150],[-810,90]],[[57215,60905],[310,221],[440,-71],[300,111]],[[58265,61166],[0,-541],[120,-280]],[[58265,61166],[50,320],[620,-10],[180,200],[550,-130],[240,-280],[250,80],[310,-241],[330,0]],[[57185,62466],[500,100],[260,-80],[250,-280],[290,-70]],[[57355,64166],[130,-630],[450,-170]],[[55895,63066],[-210,490],[530,0],[80,150],[400,20],[210,420]],[[63316,63516],[490,240],[1040,-100]],[[64846,63656],[-40,-320]],[[64806,63336],[-310,-60],[180,-320],[-120,-340],[60,-300],[260,-450]],[[64846,63656],[90,390],[-250,450],[120,290],[-130,520]],[[64676,65306],[170,-370],[240,-150],[700,10],[330,110],[420,-190],[240,-10]],[[66776,64706],[-110,-110],[280,-610],[-80,-190]],[[66866,63796],[-170,-280],[-400,-150],[-160,50],[-680,-10],[-360,-140],[-290,70]],[[62606,63696],[270,480],[70,280],[640,400]],[[63586,64856],[420,60],[670,390]],[[60485,65436],[150,-110],[340,280],[241,50],[550,-170],[510,-30],[690,-230],[100,-130],[520,-240]],[[66866,63796],[610,-30],[-40,-180]],[[67436,63586],[10,-30],[-40,-110],[20,-20],[-90,-180],[20,-150]],[[49824,56585],[271,-140],[40,-190],[430,-150],[530,-10],[460,-280],[0,-300],[270,-50],[240,-360],[-480,-300],[0,-440],[130,-40]],[[51715,54325],[-500,-340],[-920,-380],[80,-90],[-330,-470],[0,-160]],[[51715,54325],[370,-200],[130,320],[290,-40],[260,-290]],[[18872,55035],[10,-110],[-360,-430],[-250,-10],[-380,-270],[120,-90],[-170,-300],[-180,-70]],[[17662,53755],[-240,290],[-280,130],[-370,-90]],[[16792,54475],[290,150],[360,940],[-280,330],[50,220],[290,270],[210,-80],[310,230]],[[18172,53375],[-250,-70],[-370,310],[110,140]],[[47624,63646],[-560,80],[-400,-50],[-570,250],[-120,-230],[20,-320],[-430,-140]],[[31143,72797],[580,-10],[190,330]],[[31913,73117],[290,-140],[520,-40],[20,-430]],[[35923,72717],[200,-140],[-120,-320],[370,-81],[170,-360],[240,-220]],[[26652,71476],[-310,260],[110,250],[370,60],[610,271],[330,-30],[211,430],[110,10]],[[28083,72727],[210,-90],[120,-270]],[[74207,64826],[-290,160],[-180,-120],[-540,50],[-300,150],[-200,-90],[-931,210]],[[71666,66226],[130,-110],[441,0],[400,160],[270,-190],[320,50],[310,-200],[430,-180],[300,0]],[[70406,67216],[490,-100],[10,-480]],[[21472,63336],[-230,120],[-190,-220],[60,-160]],[[20762,62956],[-250,20]],[[20322,62896],[140,-200],[-290,-90],[-70,-250],[-270,60]],[[73847,64016],[-320,190],[-90,-250],[140,-290],[-370,-190],[-660,10],[-401,380],[-260,50],[-200,830],[-380,180],[-250,-220],[260,-100],[-210,-220],[-570,150]],[[69086,65096],[510,-120],[110,-320],[-390,-110],[-170,-360],[-590,-240],[-290,-720],[20,-330],[150,-120],[420,-40],[640,-390],[-30,-230]],[[67436,63586],[430,340],[330,110],[250,250],[450,260],[-130,420]],[[21042,60375],[190,-120],[-420,-250],[-180,-240]],[[38563,61866],[461,-120],[380,10],[200,220],[300,120],[280,-40],[700,40],[480,-240]],[[40984,61316],[-240,-30],[-610,-491],[-50,-310],[-310,130],[-260,-60],[-350,170],[-270,-310],[-291,90],[-50,210],[150,280],[-280,251],[-250,-20]],[[41534,60235],[-390,-290],[-400,-50],[160,-400],[-300,-250],[-340,-90],[-60,-400],[40,-660],[-310,0]],[[22522,58445],[-350,90],[-260,-730],[-300,-100]],[[16271,56935],[110,0],[66,44]],[[16447,56979],[24,6],[63,221]],[[16534,57206],[7,9],[-1,13]],[[16540,57228],[24,85]],[[16564,57313],[7,2],[8,50]],[[16579,57365],[2,10],[11,17]],[[16592,57392],[110,73],[0,100]],[[16702,57565],[27,44]],[[16729,57609],[53,26],[40,120]],[[16822,57755],[-231,290]],[[10881,58885],[-90,-270]],[[10791,58615],[300,-50],[-40,-153]],[[11051,58412],[-10,-38]],[[11041,58374],[-20,-75]],[[11021,58299],[-30,-114]],[[10991,58185],[190,-230]],[[11181,57955],[-257,-95]],[[10924,57860],[-13,-5],[1,-9]],[[10912,57846],[0,-11]],[[10912,57835],[9,-117]],[[10921,57718],[10,-129]],[[10931,57589],[3,-39]],[[10934,57550],[1,-6]],[[10935,57544],[11,-152]],[[10946,57392],[11,-142]],[[10957,57250],[13,-163]],[[10970,57087],[3,-43]],[[10973,57044],[3,-44]],[[10976,57000],[15,-195]],[[11721,55135],[110,-350],[420,-630],[-60,-130],[-530,60],[-440,-40],[-270,80]],[[10951,54125],[-630,110],[-540,-170],[-510,30],[-430,-150]],[[8841,53945],[100,240],[-730,-40],[-270,130],[-390,-10],[-500,-490],[-290,-480],[-530,-80],[-530,-230],[-421,-100],[-780,50],[-980,210],[-1700,970],[-350,370],[60,250],[-510,210],[60,220],[-310,30],[-50,270],[-580,80],[-140,250],[250,60],[120,590],[440,300],[1420,20],[40,1070],[280,-190],[340,210],[190,-260],[310,160],[340,-120],[410,150],[610,-50],[350,90],[471,-410],[1000,0],[290,410],[1580,420],[0,-560],[330,-110],[470,10],[230,240],[380,240],[220,-30],[180,260],[-360,30],[-40,500],[430,260]],[[9841,51625],[340,-40],[280,340],[-240,190],[50,260],[180,140],[-120,370],[440,140],[310,860],[-130,240]],[[17472,52335],[-410,330],[-320,-20],[-60,-230],[-231,-190],[-300,-10],[-310,180],[-180,-140],[-120,-350],[-260,20],[-230,350]],[[16541,51225],[-980,-50],[-490,140],[-190,-210],[-280,190]],[[66776,64706],[650,190],[630,-150],[230,210],[40,310]],[[8181,53335],[220,320],[440,290]],[[35163,84978],[-300,160],[320,160],[-60,450],[-570,-310],[-260,60],[-160,-170],[-280,-30],[-330,230],[60,120],[-430,600],[-240,200],[-470,-90],[-460,-280],[-210,80],[-230,-210],[-220,190]],[[31323,86138],[150,60],[-140,340],[210,290],[240,0],[40,370],[190,260],[60,370],[-180,340],[-480,-20],[-310,500],[-530,230],[-390,40],[-180,210],[-440,80],[-390,330],[-240,-140],[-200,270],[220,330],[370,110],[-60,470],[180,340],[-330,170],[-240,370],[20,270],[-310,210],[-170,290],[-981,-190],[-550,230],[-270,-620],[-360,-150],[-650,10],[-310,-150],[-140,-240],[-280,-80]],[[24872,91038],[-30,90]],[[24842,91128],[-190,150],[120,320],[-400,320],[-360,60],[-390,-70],[-320,130],[-660,20],[-450,220]],[[22192,92278],[-130,110],[-830,50]],[[21232,92438],[320,50],[150,170],[380,70],[70,450],[-350,330],[-360,-170],[-440,-70],[-360,200]],[[20642,93468],[-1200,480],[-220,-90],[-100,470],[320,341],[-30,210],[-520,150],[-770,-20],[-930,510],[60,400],[-220,140],[-551,-120],[-90,110],[-720,-150],[-530,270],[200,370],[-220,150],[220,620],[630,160],[360,250],[-10,190],[381,40],[410,510],[50,250],[640,70],[430,120],[890,-200],[360,110],[190,230],[-470,160],[-120,260],[640,-60],[610,-290],[300,110],[90,200],[310,-50],[570,340],[350,-10],[190,190],[420,110],[90,-190],[360,10],[280,-390],[320,230],[270,-100],[390,300],[460,60],[20,-240],[250,-70],[170,-490],[490,-160],[450,-570],[590,-290],[530,-90],[611,-420],[330,40],[270,-170],[170,-320],[410,-150],[140,60],[260,-330],[280,-120],[-260,-310],[300,-360],[420,-200],[620,50],[170,-210],[900,-260],[120,-270],[-100,-190],[600,-160],[380,30],[320,120],[290,-150],[220,340],[260,50],[320,-150],[210,430],[250,170],[390,40],[130,170],[330,-80],[500,320],[530,-10],[470,120],[210,-140],[380,-50],[210,170],[80,310],[550,50],[150,-330],[1531,-370],[440,180],[370,-520],[630,-240],[120,-450],[-350,-831],[-150,-170],[-20,-540],[-350,-580],[-10,-380],[-430,-100],[-290,20],[-280,-200],[60,-470],[-690,50],[-290,-80],[290,-640],[-290,-250],[-40,-240],[-481,-320],[-540,50],[-210,-80],[-390,80],[-390,-250],[320,-570],[160,-130],[200,-480],[-400,-20],[-250,-130],[60,-460],[190,-330],[420,-140],[440,20],[730,-130],[-270,-570],[160,-410],[501,-570],[200,-160],[-611,-680],[-440,200],[-430,-370],[-200,-10],[-70,-310],[-280,10],[-170,-160],[-430,330],[-270,390],[-60,320],[-330,0],[-700,-240],[-200,-190]],[[31323,86138],[-420,340],[-480,30],[-260,130],[-170,310],[-230,130],[-150,300]],[[29613,87378],[-930,870],[-650,190],[-130,230],[-30,330],[-321,170],[-420,440],[-90,230],[-530,-60],[-610,600],[-310,120]],[[25592,90498],[-340,120]],[[25252,90618],[-280,160],[-100,260]],[[22192,92278],[-180,-600],[-400,-400]],[[21612,91278],[-280,-290],[-560,-90],[-150,-250],[-500,50]],[[20122,90698],[-190,250],[-610,60],[170,240],[290,80],[250,430],[30,350],[620,-10],[550,340]],[[24842,91128],[-780,-140],[-450,300],[-400,40],[-20,-240],[-510,-210],[-260,30],[-30,-310],[140,-140]],[[22532,90458],[-50,-20]],[[22482,90438],[-460,210],[-110,180],[80,330],[-380,120]],[[22482,90438],[30,-140]],[[22512,90298],[-260,-70],[-480,-370],[-210,-310]],[[21562,89548],[-580,370],[-990,-20],[-210,160]],[[19782,90058],[130,250],[240,150],[-30,240]],[[25252,90618],[-410,-90],[-360,160],[-560,-290]],[[23922,90398],[-330,-20],[-270,140],[-280,-260],[-510,200]],[[25592,90498],[-220,-260],[-30,-240],[-260,-20],[-180,-450],[440,-620],[20,-370],[-240,-340],[50,-330]],[[25172,87868],[-310,-120]],[[24862,87748],[-790,640]],[[24072,88388],[-150,250],[40,430],[-290,50],[-10,0]],[[23662,89118],[40,110]],[[23702,89228],[510,300],[120,180],[-70,370],[-190,50]],[[24072,90128],[-150,270]],[[29613,87378],[-90,-240]],[[29523,87138],[-350,-60],[-260,160],[-540,-70],[-400,-280],[-241,-270]],[[27732,86618],[-30,220],[-230,240],[-500,-240],[-480,120],[-570,380],[-300,60],[-450,470]],[[24072,90128],[-260,110],[-550,-320]],[[23262,89918],[-750,380]],[[23262,89918],[-320,-520],[-350,-190]],[[22592,89208],[-510,-380]],[[22082,88828],[-80,-30]],[[22002,88798],[-310,230],[-130,520]],[[23702,89228],[-570,-80],[-540,60]],[[22002,88798],[-100,-270],[200,-300]],[[22102,88228],[-160,-130],[-360,320],[-720,-70],[50,-190],[-200,-250]],[[20712,87908],[-70,420],[-280,40],[-380,230],[-360,-90],[-490,90],[-360,300]],[[18772,88898],[-130,210],[100,350],[-230,340],[-120,530]],[[18392,90328],[160,20],[410,-290],[520,60],[300,-60]],[[23662,89118],[-270,-130],[50,-190],[-330,-190],[-640,260],[-390,-40]],[[24072,88388],[-440,-190]],[[23632,88198],[-770,-110],[-290,190],[-290,-90]],[[22282,88188],[-180,40]],[[22282,88188],[200,-450],[20,-390],[-410,-710]],[[22092,86638],[-810,-240]],[[21282,86398],[-50,250],[-530,150],[-60,210],[-490,260],[10,140],[430,150],[120,350]],[[24862,87748],[-110,-220],[90,-310],[-140,-200],[70,-240]],[[24772,86778],[-410,260],[-490,130]],[[23872,87168],[-190,60],[-70,350],[150,150],[-170,190],[40,280]],[[23872,87168],[-210,-290],[180,-110],[-350,-460]],[[23492,86308],[-160,-130],[-290,340],[-380,230],[-400,-200],[-170,90]],[[27732,86618],[-380,-50],[-80,-160],[-460,-280],[-350,190],[-170,-150]],[[26292,86168],[-400,-70]],[[25892,86098],[-90,200],[-330,140],[-370,-20],[-330,360]],[[35163,84978],[190,-240],[270,-120],[-180,-220],[0,-230],[440,-210],[-60,-200],[280,-250]],[[36103,83508],[-570,-100],[-200,40],[-100,-411],[-750,-10],[-590,-570],[-560,70]],[[33333,82527],[-330,540],[110,140],[-190,341],[-940,440],[-160,-110],[-260,190],[-90,250],[-570,300],[-260,-50]],[[30643,84568],[-320,20],[-390,190]],[[29933,84778],[0,230],[-520,20],[-410,320],[-440,50],[-220,260],[-70,290],[380,-50],[400,160],[240,-10],[120,230],[240,110],[-150,500],[20,250]],[[29933,84778],[-400,-350],[50,-490],[-340,-110],[-270,160],[-540,120],[-250,220],[-451,220],[-210,-310],[-440,-100],[-30,210],[-310,200]],[[26742,84548],[-330,390]],[[26412,84938],[280,400],[20,380],[-420,450]],[[23492,86308],[630,-530],[-250,-170]],[[23872,85608],[-300,90],[-360,-320],[150,-200],[-180,-210]],[[23182,84968],[-70,-110],[-640,20],[-150,390],[70,580],[-490,-140],[-230,150]],[[21672,85858],[-120,350],[-270,190]],[[26412,84938],[-370,-200],[-140,-200],[-310,-40],[-280,-230],[-590,120]],[[24722,84388],[-460,240]],[[24262,84628],[180,230],[90,510]],[[24532,85368],[440,120],[270,280],[550,30],[100,300]],[[24852,83858],[190,-110],[520,-30],[50,-160]],[[25612,83558],[-10,-40]],[[25602,83518],[-230,-461],[120,-470],[-310,-490]],[[25182,82097],[-250,-190]],[[24932,81907],[-600,300],[-130,180],[-400,230],[-350,70],[-270,330],[80,381]],[[23262,83398],[340,-30],[370,150],[180,-50],[700,390]],[[30643,84568],[-20,-220],[-450,-890]],[[30173,83458],[-570,0],[-370,-161],[120,-270],[-200,-200]],[[29153,82827],[-280,50],[-420,-310],[-460,-40],[50,-190]],[[28043,82337],[-691,240],[-230,210],[-280,-10]],[[26842,82777],[-180,310],[-870,421],[-190,10]],[[25612,83558],[200,150],[-80,370],[460,120],[350,360],[200,-10]],[[33333,82527],[-390,-220]],[[32943,82307],[-350,-170],[10,-260],[200,-270],[-270,-170],[0,-200],[-380,-140],[-460,40]],[[31693,81137],[-290,630],[20,390],[-310,180],[-120,390],[-410,60],[-410,671]],[[26842,82777],[0,-250],[190,-490],[350,-440],[270,-650],[311,20]],[[27963,80967],[140,-280]],[[28103,80687],[-331,70],[-80,-360],[-250,40],[-500,370],[-340,50]],[[26602,80857],[-150,320],[-200,-20]],[[26252,81157],[40,290],[-340,250],[-110,250],[-240,0]],[[25602,81947],[-420,150]],[[24932,81907],[-380,-340]],[[24552,81567],[-750,130],[-780,10],[-170,130],[-490,-100],[-130,-140]],[[22232,81597],[-370,790],[190,60],[40,270],[330,280],[470,130],[370,271]],[[31693,81137],[-270,-300],[-510,-130],[-420,140]],[[30493,80847],[-530,260]],[[29963,81107],[-250,230],[-240,530]],[[29473,81867],[-30,280],[-290,270],[0,410]],[[36103,83508],[370,-281],[-260,-720],[200,-330],[280,-220],[-380,-240],[210,-300],[-160,-260],[140,-200],[310,-70]],[[36813,80887],[350,-360],[80,-210],[-420,-40],[-260,330],[-470,-10],[-210,110],[-430,-100],[-390,290],[-200,-10]],[[34863,80887],[-70,140],[-440,60],[-210,250],[-460,-60],[-430,340],[-90,520],[-220,170]],[[28043,82337],[300,-380],[210,-400]],[[28553,81557],[-240,-240]],[[28313,81317],[-350,-350]],[[34863,80887],[-220,-180],[-490,-140],[-460,-40],[-350,-220],[-120,-260]],[[33223,80047],[-80,-580],[-350,-300]],[[32793,79167],[-150,150],[-390,-110],[-180,70],[-390,740],[-450,-330]],[[31233,79687],[-680,640],[-60,520]],[[26252,81157],[-360,-170],[-40,-150],[430,-170]],[[26282,80667],[340,-200],[190,-480]],[[26812,79987],[-530,-50],[-180,60],[-520,-150],[-800,80]],[[24782,79927],[-720,320]],[[24062,80247],[-240,190]],[[23822,80437],[160,70],[500,-70],[20,130],[480,210],[150,-50],[100,490],[-170,370],[270,10],[270,350]],[[24552,81567],[-630,-570],[-210,-420],[-270,-120]],[[23442,80457],[-770,-120],[-110,-150]],[[22562,80187],[-60,190],[-610,10],[140,770],[340,300],[-140,140]],[[28313,81317],[130,-290],[230,-190],[310,20],[190,-220]],[[29173,80637],[-70,-690],[370,-200]],[[29473,79747],[-430,-160],[-260,-400]],[[28783,79187],[-290,-30],[-270,370],[-160,20]],[[28063,79547],[-40,370]],[[28023,79917],[640,-50],[-560,820]],[[36813,80887],[210,270],[220,40],[220,260],[220,-80],[100,-240],[230,-90],[-40,-240],[250,-140],[80,-270],[300,-200]],[[38603,80197],[-390,-350],[-230,-520],[170,-290]],[[38153,79037],[-260,30],[-570,250]],[[37323,79317],[-100,170],[-420,50],[-110,-450],[-440,-10],[-400,-210],[-190,-460],[-310,30],[-210,-120],[-400,350],[-240,-110],[-160,170],[-500,-40]],[[33843,78687],[230,410],[-360,490],[-40,290],[-370,-80],[-80,250]],[[31233,79687],[-450,-230],[-310,-340]],[[30473,79117],[-370,500],[-160,-90],[-320,110]],[[29623,79637],[-150,110]],[[29173,80637],[300,110],[370,-30],[290,240],[-170,150]],[[28023,79917],[-100,80],[-481,-50],[-630,40]],[[26282,80667],[320,190]],[[21672,76477],[-510,20]],[[21162,76497],[-1380,70],[30,250],[250,230],[-30,240]],[[20032,77287],[-20,260],[-280,290],[290,210],[0,200],[860,680]],[[20882,78927],[680,-250]],[[21562,78677],[-160,-90],[-40,-610],[-320,-510],[320,-20],[110,-550],[200,-420]],[[24782,79927],[130,-620],[-80,-590],[120,-140]],[[24952,78577],[-160,-240],[-220,20]],[[24572,78357],[-390,-20],[-60,220],[-500,-290]],[[23622,78267],[-250,270],[40,350],[-180,190]],[[23232,79077],[160,520],[430,180],[60,330],[180,140]],[[28063,79547],[-130,-160],[70,-500],[-511,-70],[-230,-310]],[[27262,78507],[-260,180],[-250,-160],[-190,350],[-320,-60],[-350,-220]],[[25892,78597],[-360,-60],[-390,110],[-190,-70]],[[38603,80197],[341,-140],[330,-330],[440,150],[450,-20],[90,-180],[560,-240],[160,-180]],[[40974,79257],[-400,-330],[200,-300],[-160,-200],[140,-310],[-170,-410]],[[40584,77707],[-380,-160],[-380,-460],[170,-360],[-320,-70],[-370,60],[-481,-130]],[[38823,76587],[-160,-150],[-340,-20],[-320,150]],[[38003,76567],[-130,360],[-390,450]],[[37483,77377],[280,360],[20,390],[270,370],[310,120],[40,180],[-250,240]],[[33843,78687],[-130,-430],[450,-30],[400,-240],[-310,-200],[490,-240],[-140,-280],[230,-240]],[[34833,77027],[-340,-490]],[[34493,76537],[-180,10],[-280,240],[-370,660]],[[33663,77447],[-810,290],[-220,240],[-280,0]],[[32353,77977],[820,340],[10,180],[-390,670]],[[32353,77977],[10,-80]],[[32363,77897],[-190,220],[-400,-60],[-670,200]],[[31103,78257],[-300,250]],[[30803,78507],[170,130],[-20,270],[-480,210]],[[29623,79637],[240,-230],[-30,-270]],[[29833,79137],[-440,30],[100,-230],[310,-40]],[[29803,78897],[330,-230],[-60,-500]],[[30073,78167],[-30,-50],[40,-60],[-560,10]],[[29523,78067],[80,240],[-120,230],[-340,160]],[[29143,78697],[-350,300],[-10,190]],[[23622,78267],[-80,-280],[-250,-130],[-340,90]],[[22952,77947],[-220,0],[-230,430],[60,120],[-470,340],[-240,10]],[[21852,78847],[-100,270],[520,300],[500,-80],[460,-260]],[[29143,78697],[-340,-200],[-350,-380],[-701,420],[-490,-110]],[[27262,78427],[0,80]],[[37323,79317],[-10,-130],[-400,-260],[-170,-400],[-90,-700],[220,-370]],[[36873,77457],[-320,-80],[-310,60],[-230,-100],[-240,-340],[-230,-170],[-340,270],[-370,-70]],[[29833,79137],[-30,-240]],[[21562,78677],[290,170]],[[22952,77947],[-340,-280],[-70,-490],[10,-610]],[[22552,76567],[-200,-210],[-410,100]],[[21942,76457],[-270,20]],[[37483,77377],[-330,-140],[-280,220]],[[40974,79257],[250,60],[260,-210],[-130,-530],[700,-190],[420,-260],[230,80],[350,-180],[320,-310],[670,-180],[150,-190],[-390,-120],[-570,-410],[-300,-310],[-250,0],[-160,-350],[-410,-150],[-230,-210],[140,-480],[-230,-280],[-340,-220]],[[41454,74817],[-570,260]],[[40884,75077],[-260,120],[-160,400],[-210,110]],[[40254,75707],[330,170],[230,450],[360,10],[-310,380],[160,680],[-440,310]],[[27262,78427],[10,-270],[-340,-380],[340,-100],[270,30],[-10,-260],[-390,-180],[190,-270],[-340,-400],[-80,-260],[400,-310]],[[27312,76027],[-170,-210],[-350,-60]],[[26792,75757],[-580,310],[-190,-30]],[[26022,76037],[150,350],[-310,-40],[50,340],[-390,440]],[[25522,77127],[-60,180],[580,250],[-150,250],[-110,630],[110,160]],[[25522,77127],[-380,160],[-330,30]],[[24812,77317],[20,190],[-200,230],[60,160],[-270,290],[150,170]],[[24812,77317],[-80,-230],[-310,-90],[-50,-480],[-190,30],[30,-410]],[[24212,76137],[-250,-40],[-410,120],[-240,270],[-400,140],[-360,-60]],[[29523,78067],[-120,-340],[-510,-280],[270,-300]],[[29163,77147],[-10,-10],[-210,-150],[-380,-10]],[[28563,76977],[-190,150],[-530,-180],[-281,-540],[140,-280]],[[27702,76127],[-390,-100]],[[32363,77897],[10,-230],[-430,-480],[-780,-740]],[[31163,76447],[-370,180]],[[30793,76627],[-190,440]],[[30603,77067],[100,330],[290,320],[-40,380],[150,160]],[[33663,77447],[-340,-420],[-200,-60],[-290,-690],[350,-700]],[[33183,75577],[-270,-210],[-860,80]],[[32053,75447],[-170,110],[-350,-80],[-380,170],[-250,-30]],[[30903,75617],[-110,230],[190,160],[180,440]],[[21162,76497],[-150,-200],[90,-160],[-330,-310],[-700,-100],[-110,-180],[-400,-30],[170,-220],[280,-70],[190,-930],[260,-100],[250,230],[170,-280],[-50,-300],[-550,-460]],[[20282,73387],[-50,-260],[-510,30],[-270,210],[-610,100],[-340,-140],[-620,70],[-190,-260],[-250,-40],[-10,-240],[-670,-410],[-521,0],[-370,190],[-300,360]],[[15571,72997],[240,180],[730,270],[201,410],[270,270],[680,1110],[400,1240],[670,240],[720,160],[550,410]],[[26022,76037],[-480,-240],[-410,220],[-390,-370],[-150,-450]],[[24592,75197],[-460,360],[250,270],[-170,310]],[[29163,77147],[140,120],[460,100],[490,-80],[350,-220]],[[30793,76627],[-80,-140],[-380,30],[-350,-260],[-160,70],[-360,-100]],[[29463,76227],[-230,130],[-670,10],[-150,390],[150,220]],[[40254,75707],[-450,-40],[-210,210],[40,200],[-680,160],[-131,350]],[[34493,76537],[390,-340],[60,-210]],[[34943,75987],[-450,-200],[-250,-280],[-370,-240]],[[33873,75267],[-320,440],[-370,-130]],[[38003,76567],[-500,-280],[130,-570],[-210,-420]],[[37423,75297],[-170,-10],[-290,-490]],[[36963,74797],[-430,90],[-630,310],[-280,270],[-80,280],[-600,240]],[[29463,76227],[-160,-640],[-490,-210],[-120,-320]],[[28693,75057],[-450,40],[-70,170],[-380,40],[-241,320],[150,500]],[[24592,75197],[0,-400],[-280,-130],[70,-460]],[[24382,74207],[-550,-100],[-100,190],[-310,-20],[-80,270],[-300,140],[-210,-140],[-630,10],[-60,310],[130,240],[-160,110],[140,620],[-470,-30],[20,230],[260,180],[-120,240]],[[20692,72617],[-350,0],[250,330],[-60,210],[-250,230]],[[24382,74207],[360,80]],[[24742,74287],[200,-80],[-50,-650],[180,-10],[290,-290]],[[25362,73257],[-180,-150]],[[30903,75617],[-150,-180],[80,-490]],[[30833,74947],[-420,-120],[-650,220],[-190,-170]],[[29573,74877],[-190,90],[-600,-90],[-90,180]],[[40884,75077],[-770,-300]],[[40114,74777],[-550,140],[-230,270],[-320,-20],[-151,-180],[-500,380],[-400,-290],[-540,220]],[[29573,74877],[-90,-240],[-290,-70],[90,-290]],[[29283,74277],[-390,0],[20,-180],[-250,-160],[-60,-280]],[[28603,73657],[-600,-20]],[[28003,73637],[-10,340],[-251,100],[-120,630],[-200,-70],[-400,300],[-170,270]],[[26852,75207],[-60,550]],[[26852,75207],[-360,-40],[-780,-440],[-50,-150],[-640,-10],[-280,-280]],[[34053,73627],[170,290],[-30,280]],[[34193,74197],[-300,430],[-140,470],[120,170]],[[36963,74797],[-260,-300]],[[36703,74497],[-310,-270]],[[36393,74227],[-240,-80],[-130,-390],[-400,-190]],[[34193,74197],[-430,0],[-660,-240],[-520,140],[-190,130],[-280,-240]],[[32113,73987],[-350,190],[-430,60]],[[31333,74237],[500,400],[140,200],[80,610]],[[28003,73637],[-251,-320]],[[27752,73317],[-130,200],[-760,40],[-460,-500],[-510,0],[-180,220],[-350,-20]],[[40114,74777],[150,-200],[-130,-310],[250,-210],[-170,-180],[330,-120],[-10,-220]],[[40534,73537],[-260,-210],[-330,110],[-1241,190],[-540,520],[-900,160],[-300,170],[-260,20]],[[30833,74947],[-10,-440],[90,-170]],[[30913,74337],[-40,-430]],[[30873,73907],[-550,70],[-220,100],[-360,-10],[-110,220],[-350,-10]],[[41454,74817],[260,-470],[-200,-380],[-390,-280],[-90,-400],[-150,-130]],[[40884,73157],[-50,210],[-300,170]],[[38663,73017],[-60,180],[-500,130],[-400,250],[40,160],[-410,170],[-200,-120]],[[37133,73787],[-170,-40],[-170,280],[-400,200]],[[40884,73157],[-30,-340]],[[29993,72727],[-510,650],[-280,160],[-600,120]],[[30873,73907],[80,-440],[230,-380],[-60,-220]],[[30913,74337],[420,-100]],[[32113,73987],[-260,-280],[160,-470],[-100,-120]],[[37133,73787],[-250,-450],[50,-320],[280,-440],[-140,-210],[-340,-140],[340,-361],[-60,-300]],[[12911,69766],[160,690],[230,280],[460,350],[260,270],[320,901],[350,380],[880,360]],[[27752,73317],[20,-260],[401,-50],[-90,-280]],[[20882,78927],[510,670],[790,480],[380,110]],[[23442,80457],[380,-20]],[[24852,83858],[10,280],[-140,250]],[[24532,85368],[-430,270],[-230,-30]],[[24262,84628],[-340,140],[-550,-40],[-190,240]],[[30803,78507],[-730,-340]],[[48164,69536],[830,-540],[730,140],[140,-60],[171,-390],[-81,-330]],[[29473,81867],[-380,-20],[-40,-520],[-500,230]],[[18392,90328],[20,250],[-350,500],[190,660],[590,40],[450,660],[730,190],[370,320],[-20,360],[270,160]],[[21672,85858],[-220,-110],[-700,410],[-400,90],[-350,260],[-440,70],[-480,260],[-210,10],[100,390],[-320,440],[200,760],[-210,160],[130,300]],[[14282,58933],[69,-38],[60,0],[50,50]],[[14479,58876],[-18,-41],[-80,-20],[-50,50],[-70,-10],[-110,-70],[70,-80],[70,20],[30,-70],[120,20],[0,60],[80,-20]],[[14521,58715],[120,-180],[46,21]],[[14789,58458],[-8,-23],[90,-210],[150,10]],[[15244,58473],[37,-38],[345,-46],[25,-4]],[[15651,58385],[20,-170],[120,-150],[270,-10],[7,1],[10,2]],[[16317,58052],[44,-17],[60,-70],[170,80]],[[16591,58045],[30,-160],[101,-10],[10,-70],[90,-50]],[[16729,57609],[-27,-14],[0,-30]],[[16592,57392],[-11,-7],[-2,-20]],[[16564,57313],[-33,-8],[9,-77]],[[16534,57206],[-53,-61],[-10,-150],[-24,-16]],[[16271,56935],[-30,70],[-33,-11]],[[15793,57169],[-42,16],[-25,-25]],[[15541,57135],[-50,-30],[-60,-70],[60,-40],[10,-60],[30,10],[0,-110],[-200,-50],[-20,-140]],[[15141,56645],[-40,30],[-90,-30]],[[14971,56645],[-20,60],[-50,50],[-10,0],[-80,-10],[-30,60],[-50,-40],[-150,0]],[[14581,56765],[-30,120],[-40,13]],[[14476,56966],[-5,19],[-31,0]],[[14355,57012],[-14,23],[-60,0]],[[14233,57050],[-42,75],[-101,-27]],[[14021,57235],[60,50],[-30,50],[-40,10],[-90,-100],[-100,40],[0,70],[-60,10],[-60,-60],[-80,10],[10,-50],[190,0],[0,-60],[30,-40],[-10,-18]],[[13499,56980],[-78,55],[-10,40],[-50,10],[44,-150]],[[13181,56825],[-40,60],[-80,0],[10,-100],[68,-19]],[[13133,56757],[-62,-62],[6,-16]],[[12911,56444],[-50,-19],[-20,-70],[-40,-4]],[[12691,56369],[-10,6],[-11,-3]],[[12341,56425],[10,190],[-64,9]],[[12251,56755],[-30,10]],[[12221,56765],[10,10],[0,30],[0,10],[10,20],[10,10],[10,10],[0,10],[0,10],[0,10],[-10,10],[-10,10],[-20,10],[-30,-10],[-20,0],[-10,0],[0,10],[-10,10],[-10,20],[0,20],[10,0],[20,0],[20,20],[20,10],[10,10],[0,20],[0,20],[10,20],[40,0],[20,0],[10,0],[10,10],[10,0],[30,-20],[30,-10],[20,-20],[10,10],[10,10],[10,10],[20,10],[0,10],[10,0],[20,0],[10,-10],[30,0],[30,10],[20,0],[20,0],[20,0],[20,0],[10,-10],[20,0],[20,-10],[10,10],[10,10],[20,0],[10,0],[10,10],[10,0],[20,0],[10,0],[10,10],[20,10],[10,10],[-10,20],[0,10],[0,10],[-10,0],[-10,10],[-20,10],[10,20],[30,30],[10,10],[0,10],[0,10],[0,10],[0,20],[0,10],[10,10],[10,10],[10,10],[10,0],[20,-10],[30,0],[30,10],[40,20],[30,0],[40,0],[30,10],[-20,20],[-10,20],[10,10],[10,10],[0,10],[0,10],[0,10],[0,10],[0,20],[10,30],[0,10],[0,20],[-10,10],[70,20],[30,10],[40,10],[10,0],[30,20],[10,30],[-10,30],[20,10],[40,30],[40,0],[40,0],[30,0],[10,0],[40,30],[20,20],[0,30],[-30,20],[-60,10],[-20,20],[10,20],[10,20],[30,10],[0,20],[20,10],[-20,30],[-20,40],[60,-10],[10,40],[-20,20],[-40,-10],[-20,0],[-20,30],[0,30],[20,10],[20,10],[40,-10],[10,10],[10,20],[0,10],[0,10],[-50,20],[0,10],[-10,20],[-20,10],[-10,10],[0,10],[10,20],[10,30],[0,40],[0,10],[-70,10],[-110,-30],[-30,0],[-40,0],[-20,20],[-10,0],[0,10],[0,90],[-20,0],[10,20],[-10,40],[-20,20],[-10,30],[0,30],[0,10],[10,10],[0,20],[0,10],[-10,10],[-20,0],[0,10],[-10,20],[0,20],[0,30],[-20,10],[0,10],[-10,0],[-20,0],[-20,0],[-10,10],[0,10],[-20,30],[0,20],[-20,0],[-10,-10],[-20,-10],[0,-10],[-30,0],[-30,10],[-30,10],[-10,10],[0,20],[0,20],[10,10],[0,20]],[[12811,58865],[40,70],[-20,120],[24,25]],[[13041,59075],[-20,-80],[90,-50],[160,80],[-10,90],[29,29]],[[13293,59145],[68,-10],[150,70]],[[13609,59126],[12,-101],[120,-60],[58,7]],[[13881,58905],[100,-20],[0,27]],[[14166,58925],[15,-10],[15,10],[3,2]],[[12611,59085],[60,-60],[-20,-100],[160,-60]],[[12221,56765],[-50,0],[-22,-11]],[[11909,56752],[12,23],[-110,10],[20,60],[-40,10],[-30,-60],[-160,-40],[-40,20],[20,130],[-40,30],[-130,-140],[32,-48]],[[10976,57000],[25,25],[-28,19]],[[10970,57087],[11,8],[0,80],[30,10],[40,20],[-10,30],[-10,0],[-74,15]],[[10946,57392],[75,33],[30,-30],[20,50],[50,-20],[10,40],[-120,-10],[10,50],[-86,39]],[[10934,57550],[27,35],[-30,4]],[[10921,57718],[10,-3],[-19,120]],[[10912,57846],[12,14]],[[11181,57955],[20,50],[-30,10],[40,0],[-40,90],[-40,20],[20,20],[-70,-10],[-90,50]],[[10991,58185],[80,70],[-50,44]],[[11041,58374],[50,-9],[-40,47]],[[10791,58615],[120,100],[40,80],[0,10],[-70,10],[-10,0],[10,70]],[[11744,59091],[7,-6],[17,5]],[[11884,59087],[27,-32],[60,30],[170,-120]],[[12409,59035],[2,0],[8,3]]],"transform":{"scale":[0.0002928729747634449,0.0003031088795584175],"translate":[68.10055226476403,6.766373153037801]},"objects":{"districts":{"type":"GeometryCollection","geometries":[{"arcs":[[0,1,2,3,4,5,6,7]],"type":"Polygon","properties":{"key":"Mizoram|Aizawl","district":"Aizawl","st_nm":"Mizoram","dt_code":"261"}},{"arcs":[[[-7,8,9,10]],[[11,12,13]]],"type":"MultiPolygon","properties":{"key":"Mizoram|Champhai","district":"Champhai","st_nm":"Mizoram","dt_code":"262"}},{"arcs":[[-4,14,15,16]],"type":"Polygon","properties":{"key":"Mizoram|Kolasib","district":"Kolasib","st_nm":"Mizoram","dt_code":"263"}},{"arcs":[[17,18,19]],"type":"Polygon","properties":{"key":"Mizoram|Lawngtlai","district":"Lawngtlai","st_nm":"Mizoram","dt_code":"264"}},{"arcs":[[-2,20,21,22,-20,23,24]],"type":"Polygon","properties":{"key":"Mizoram|Lunglei","district":"Lunglei","st_nm":"Mizoram","dt_code":"265"}},{"arcs":[[-3,-25,25,26,27,28,-15]],"type":"Polygon","properties":{"key":"Mizoram|Mamit","district":"Mamit","st_nm":"Mizoram","dt_code":"266"}},{"arcs":[[-18,-23,29,30]],"type":"Polygon","properties":{"key":"Mizoram|Saiha","district":"Saiha","st_nm":"Mizoram","dt_code":"267"}},{"arcs":[[-1,31,-12,32,33,-21]],"type":"Polygon","properties":{"key":"Mizoram|Serchhip","district":"Serchhip","st_nm":"Mizoram","dt_code":"268"}},{"arcs":[[-8,-11,34,-13,-32]],"type":"Polygon","properties":{"key":"Mizoram|Khawzawl","district":"Khawzawl","st_nm":"Mizoram","dt_code":"996"}},{"arcs":[[-22,-34,35,-30]],"type":"Polygon","properties":{"key":"Mizoram|Hnahthial","district":"Hnahthial","st_nm":"Mizoram","dt_code":"994"}},{"arcs":[[36,37,38,39,40,41,42]],"type":"Polygon","properties":{"key":"Tamil Nadu|Thiruvallur","district":"Thiruvallur","st_nm":"Tamil Nadu","dt_code":"602"}},{"arcs":[[-43,43,44]],"type":"Polygon","properties":{"key":"Tamil Nadu|Chennai","district":"Chennai","st_nm":"Tamil Nadu","dt_code":"603"}},{"arcs":[[45,46,47,48,49,50,51,52,53]],"type":"Polygon","properties":{"key":"Tamil Nadu|Krishnagiri","district":"Krishnagiri","st_nm":"Tamil Nadu","dt_code":"631"}},{"arcs":[[-47,54,55,56,57,58,59,60,61]],"type":"Polygon","properties":{"key":"Tamil Nadu|Tiruvannamalai","district":"Tiruvannamalai","st_nm":"Tamil Nadu","dt_code":"606"}},{"arcs":[[-48,-62,62,63,64]],"type":"Polygon","properties":{"key":"Tamil Nadu|Dharmapuri","district":"Dharmapuri","st_nm":"Tamil Nadu","dt_code":"630"}},{"arcs":[[-64,65,66,67,68,69]],"type":"Polygon","properties":{"key":"Tamil Nadu|Salem","district":"Salem","st_nm":"Tamil Nadu","dt_code":"608"}},{"arcs":[[-70,70,71,72,73,74,75]],"type":"Polygon","properties":{"key":"Tamil Nadu|Erode","district":"Erode","st_nm":"Tamil Nadu","dt_code":"610"}},{"arcs":[[-75,76,77,78,79,80]],"type":"Polygon","properties":{"key":"Tamil Nadu|Nilgiris","district":"Nilgiris","st_nm":"Tamil Nadu","dt_code":"611"}},{"arcs":[[-69,81,82,-71]],"type":"Polygon","properties":{"key":"Tamil Nadu|Namakkal","district":"Namakkal","st_nm":"Tamil Nadu","dt_code":"609"}},{"arcs":[[-67,83,84,85,86]],"type":"Polygon","properties":{"key":"Tamil Nadu|Perambalur","district":"Perambalur","st_nm":"Tamil Nadu","dt_code":"615"}},{"arcs":[[-74,87,88,89,90,91,-77]],"type":"Polygon","properties":{"key":"Tamil Nadu|Coimbatore","district":"Coimbatore","st_nm":"Tamil Nadu","dt_code":"632"}},{"arcs":[[-68,-87,92,93,94,95,96,97,98,-82]],"type":"Polygon","properties":{"key":"Tamil Nadu|Tiruchirappalli","district":"Tiruchirappalli","st_nm":"Tamil Nadu","dt_code":"614"}},{"arcs":[[-86,99,100,-93]],"type":"Polygon","properties":{"key":"Tamil Nadu|Ariyalur","district":"Ariyalur","st_nm":"Tamil Nadu","dt_code":"616"}},{"arcs":[[-73,101,102,103,-88]],"type":"Polygon","properties":{"key":"Tamil Nadu|Tiruppur","district":"Tiruppur","st_nm":"Tamil Nadu","dt_code":"633"}},{"arcs":[[-94,-101,104,105,106,107,108,109]],"type":"Polygon","properties":{"key":"Tamil Nadu|Thanjavur","district":"Thanjavur","st_nm":"Tamil Nadu","dt_code":"620"}},{"arcs":[[-72,-83,-99,110,-102]],"type":"Polygon","properties":{"key":"Tamil Nadu|Karur","district":"Karur","st_nm":"Tamil Nadu","dt_code":"613"}},{"arcs":[[-107,111,112,113]],"type":"Polygon","properties":{"key":"Tamil Nadu|Thiruvarur","district":"Thiruvarur","st_nm":"Tamil Nadu","dt_code":"619"}},{"arcs":[[-98,114,115,116,-103,-111]],"type":"Polygon","properties":{"key":"Tamil Nadu|Dindigul","district":"Dindigul","st_nm":"Tamil Nadu","dt_code":"612"}},{"arcs":[[-97,117,118,119,-115]],"type":"Polygon","properties":{"key":"Tamil Nadu|Madurai","district":"Madurai","st_nm":"Tamil Nadu","dt_code":"623"}},{"arcs":[[-116,-120,120,121]],"type":"Polygon","properties":{"key":"Tamil Nadu|Theni","district":"Theni","st_nm":"Tamil Nadu","dt_code":"624"}},{"arcs":[[-119,122,123,124,125,126,-121]],"type":"Polygon","properties":{"key":"Tamil Nadu|Virudhunagar","district":"Virudhunagar","st_nm":"Tamil Nadu","dt_code":"625"}},{"arcs":[[-125,127,128,129,130]],"type":"Polygon","properties":{"key":"Tamil Nadu|Thoothukkudi","district":"Thoothukkudi","st_nm":"Tamil Nadu","dt_code":"627"}},{"arcs":[[131,132,133]],"type":"Polygon","properties":{"key":"Tamil Nadu|Kanyakumari","district":"Kanyakumari","st_nm":"Tamil Nadu","dt_code":"629"}},{"arcs":[[-60,134,135,136,137,138]],"type":"Polygon","properties":{"key":"Tamil Nadu|Viluppuram","district":"Viluppuram","st_nm":"Tamil Nadu","dt_code":"607"}},{"arcs":[[-85,139,-138,140,141,142,-105,-100]],"type":"Polygon","properties":{"key":"Tamil Nadu|Cuddalore","district":"Cuddalore","st_nm":"Tamil Nadu","dt_code":"617"}},{"arcs":[[-95,-110,143,144,145]],"type":"Polygon","properties":{"key":"Tamil Nadu|Pudukkottai","district":"Pudukkottai","st_nm":"Tamil Nadu","dt_code":"621"}},{"arcs":[[-96,-146,146,-123,-118]],"type":"Polygon","properties":{"key":"Tamil Nadu|Sivaganga","district":"Sivaganga","st_nm":"Tamil Nadu","dt_code":"622"}},{"arcs":[[-124,-147,-145,147,-128]],"type":"Polygon","properties":{"key":"Tamil Nadu|Ramanathapuram","district":"Ramanathapuram","st_nm":"Tamil Nadu","dt_code":"626"}},{"arcs":[[[-106,-143,148,149,-112]],[[-108,-114,150,151]]],"type":"MultiPolygon","properties":{"key":"Tamil Nadu|Nagapattinam","district":"Nagapattinam","st_nm":"Tamil Nadu","dt_code":"618"}},{"arcs":[[-61,-139,-140,-84,-66,-63]],"type":"Polygon","properties":{"key":"Tamil Nadu|Kallakurichi","district":"Kallakurichi","st_nm":"Tamil Nadu","dt_code":"729"}},{"arcs":[[-126,-131,152,153,154,155]],"type":"Polygon","properties":{"key":"Tamil Nadu|Tenkasi","district":"Tenkasi","st_nm":"Tamil Nadu","dt_code":"0"}},{"arcs":[[-130,156,-134,157,158,-153]],"type":"Polygon","properties":{"key":"Tamil Nadu|Tirunelveli","district":"Tirunelveli","st_nm":"Tamil Nadu","dt_code":"628"}},{"arcs":[[-56,159,160,161]],"type":"Polygon","properties":{"key":"Tamil Nadu|Vellore","district":"Vellore","st_nm":"Tamil Nadu","dt_code":"605"}},{"arcs":[[-39,162,-57,-162,163]],"type":"Polygon","properties":{"key":"Tamil Nadu|Ranipet","district":"Ranipet","st_nm":"Tamil Nadu","dt_code":"0"}},{"arcs":[[-46,164,-160,-55]],"type":"Polygon","properties":{"key":"Tamil Nadu|Tirupathur","district":"Tirupathur","st_nm":"Tamil Nadu","dt_code":"0"}},{"arcs":[[-38,165,-58,-163]],"type":"Polygon","properties":{"key":"Tamil Nadu|Kancheepuram","district":"Kancheepuram","st_nm":"Tamil Nadu","dt_code":"604"}},{"arcs":[[-37,-45,166,-135,-59,-166]],"type":"Polygon","properties":{"key":"Tamil Nadu|Chengalpattu","district":"Chengalpattu","st_nm":"Tamil Nadu","dt_code":"0"}},{"arcs":[[167,168,169,170,171]],"type":"Polygon","properties":{"key":"Madhya Pradesh|Burhanpur","district":"Burhanpur","st_nm":"Madhya Pradesh","dt_code":"467"}},{"arcs":[[172,173,174,175]],"type":"Polygon","properties":{"key":"Maharashtra|Gondia","district":"Gondia","st_nm":"Maharashtra","dt_code":"507"}},{"arcs":[[-175,176,177,178,179]],"type":"Polygon","properties":{"key":"Maharashtra|Bhandara","district":"Bhandara","st_nm":"Maharashtra","dt_code":"506"}},{"arcs":[[-170,180,181,182,183,184,185]],"type":"Polygon","properties":{"key":"Maharashtra|Jalgaon","district":"Jalgaon","st_nm":"Maharashtra","dt_code":"499"}},{"arcs":[[186,187,188,189,190,191]],"type":"Polygon","properties":{"key":"Chhattisgarh|Mahasamund","district":"Mahasamund","st_nm":"Chhattisgarh","dt_code":"411"}},{"arcs":[[192,193,194,195]],"type":"Polygon","properties":{"key":"Maharashtra|Wardha","district":"Wardha","st_nm":"Maharashtra","dt_code":"504"}},{"arcs":[[-169,196,197,198,199,200,201,-181]],"type":"Polygon","properties":{"key":"Maharashtra|Buldhana","district":"Buldhana","st_nm":"Maharashtra","dt_code":"500"}},{"arcs":[[202,203,204,205,206,207,208,209]],"type":"Polygon","properties":{"key":"Gujarat|Valsad","district":"Valsad","st_nm":"Gujarat","dt_code":"491"}},{"arcs":[[-198,210,211]],"type":"Polygon","properties":{"key":"Maharashtra|Akola","district":"Akola","st_nm":"Maharashtra","dt_code":"501"}},{"arcs":[[212,213,214,215,216]],"type":"Polygon","properties":{"key":"Odisha|Bhadrak","district":"Bhadrak","st_nm":"Odisha","dt_code":"378"}},{"arcs":[[217,218,219,220]],"type":"Polygon","properties":{"key":"Odisha|Dhenkanal","district":"Dhenkanal","st_nm":"Odisha","dt_code":"383"}},{"arcs":[[-213,221,222,-218,223]],"type":"Polygon","properties":{"key":"Odisha|Jajpur","district":"Jajpur","st_nm":"Odisha","dt_code":"382"}},{"arcs":[[224,225,226,227,228]],"type":"Polygon","properties":{"key":"Odisha|Subarnapur","district":"Subarnapur","st_nm":"Odisha","dt_code":"392"}},{"arcs":[[-188,229,230,231,232]],"type":"Polygon","properties":{"key":"Odisha|Nuapada","district":"Nuapada","st_nm":"Odisha","dt_code":"394"}},{"arcs":[[-227,233,234,235,-231,236]],"type":"Polygon","properties":{"key":"Odisha|Balangir","district":"Balangir","st_nm":"Odisha","dt_code":"393"}},{"arcs":[[-183,237,238,239,240,-207,241,242,243]],"type":"Polygon","properties":{"key":"Maharashtra|Nashik","district":"Nashik","st_nm":"Maharashtra","dt_code":"516"}},{"arcs":[[-226,244,245,246,-234]],"type":"Polygon","properties":{"key":"Odisha|Boudh","district":"Boudh","st_nm":"Odisha","dt_code":"391"}},{"arcs":[[-174,247,248,249,250,251,252,253,254,-177]],"type":"Polygon","properties":{"key":"Maharashtra|Gadchiroli","district":"Gadchiroli","st_nm":"Maharashtra","dt_code":"508"}},{"arcs":[[-199,-212,255,256,257]],"type":"Polygon","properties":{"key":"Maharashtra|Washim","district":"Washim","st_nm":"Maharashtra","dt_code":"502"}},{"arcs":[[-219,-223,258,259,260,261,262,263]],"type":"Polygon","properties":{"key":"Odisha|Cuttack","district":"Cuttack","st_nm":"Odisha","dt_code":"381"}},{"arcs":[[-178,-255,264,265,266,-194,267]],"type":"Polygon","properties":{"key":"Maharashtra|Chandrapur","district":"Chandrapur","st_nm":"Maharashtra","dt_code":"509"}},{"arcs":[[-195,-267,268,269,270,-257,271]],"type":"Polygon","properties":{"key":"Maharashtra|Yavatmal","district":"Yavatmal","st_nm":"Maharashtra","dt_code":"510"}},{"arcs":[[-235,-247,272,273,274,275,276]],"type":"Polygon","properties":{"key":"Odisha|Kandhamal","district":"Kandhamal","st_nm":"Odisha","dt_code":"390"}},{"arcs":[[-201,277,278,279,280]],"type":"Polygon","properties":{"key":"Maharashtra|Jalna","district":"Jalna","st_nm":"Maharashtra","dt_code":"514"}},{"arcs":[[-246,281,-263,282,283,-273]],"type":"Polygon","properties":{"key":"Odisha|Nayagarh","district":"Nayagarh","st_nm":"Odisha","dt_code":"385"}},{"arcs":[[-249,284,285,286,287,288]],"type":"Polygon","properties":{"key":"Chhattisgarh|Uttar Bastar Kanker","district":"Uttar Bastar Kanker","st_nm":"Chhattisgarh","dt_code":"413"}},{"arcs":[[-262,289,290,-283]],"type":"Polygon","properties":{"key":"Odisha|Khordha","district":"Khordha","st_nm":"Odisha","dt_code":"386"}},{"arcs":[[-232,-236,-277,291,292,293,294]],"type":"Polygon","properties":{"key":"Odisha|Kalahandi","district":"Kalahandi","st_nm":"Odisha","dt_code":"395"}},{"arcs":[[-260,295,296,297]],"type":"Polygon","properties":{"key":"Odisha|Jagatsinghpur","district":"Jagatsinghpur","st_nm":"Odisha","dt_code":"380"}},{"arcs":[[-261,-298,298,299,-290]],"type":"Polygon","properties":{"key":"Odisha|Puri","district":"Puri","st_nm":"Odisha","dt_code":"387"}},{"arcs":[[-239,300,301,302,303,304,305]],"type":"Polygon","properties":{"key":"Maharashtra|Ahmednagar","district":"Ahmednagar","st_nm":"Maharashtra","dt_code":"522"}},{"arcs":[[-294,306,307,308,309,310]],"type":"Polygon","properties":{"key":"Odisha|Nabarangapur","district":"Nabarangapur","st_nm":"Odisha","dt_code":"397"}},{"arcs":[[-200,-258,-271,311,312,-278]],"type":"Polygon","properties":{"key":"Maharashtra|Hingoli","district":"Hingoli","st_nm":"Maharashtra","dt_code":"512"}},{"arcs":[[-276,313,314,315,316,-292]],"type":"Polygon","properties":{"key":"Odisha|Rayagada","district":"Rayagada","st_nm":"Odisha","dt_code":"396"}},{"arcs":[[-270,317,318,319,320,321,322,323,-312]],"type":"Polygon","properties":{"key":"Maharashtra|Nanded","district":"Nanded","st_nm":"Maharashtra","dt_code":"511"}},{"arcs":[[-250,-289,324,325,326]],"type":"Polygon","properties":{"key":"Chhattisgarh|Narayanpur","district":"Narayanpur","st_nm":"Chhattisgarh","dt_code":"415"}},{"arcs":[[-279,-313,-324,327,328]],"type":"Polygon","properties":{"key":"Maharashtra|Parbhani","district":"Parbhani","st_nm":"Maharashtra","dt_code":"513"}},{"arcs":[[-305,329,330,331,332]],"type":"Polygon","properties":{"key":"Maharashtra|Pune","district":"Pune","st_nm":"Maharashtra","dt_code":"521"}},{"arcs":[[-280,-329,333,334,-302,335]],"type":"Polygon","properties":{"key":"Maharashtra|Beed","district":"Beed","st_nm":"Maharashtra","dt_code":"523"}},{"arcs":[[336,337,338]],"type":"Polygon","properties":{"key":"Maharashtra|Mumbai","district":"Mumbai","st_nm":"Maharashtra","dt_code":"519"}},{"arcs":[[-293,-317,339,340,341,342,-307]],"type":"Polygon","properties":{"key":"Odisha|Koraput","district":"Koraput","st_nm":"Odisha","dt_code":"398"}},{"arcs":[[-315,343,344,345,346]],"type":"Polygon","properties":{"key":"Andhra Pradesh|Srikakulam","district":"Srikakulam","st_nm":"Andhra Pradesh","dt_code":"542"}},{"arcs":[[-316,-347,347,348,-340]],"type":"Polygon","properties":{"key":"Andhra Pradesh|Vizianagaram","district":"Vizianagaram","st_nm":"Andhra Pradesh","dt_code":"543"}},{"arcs":[[-323,349,350,-334,-328]],"type":"Polygon","properties":{"key":"Maharashtra|Latur","district":"Latur","st_nm":"Maharashtra","dt_code":"524"}},{"arcs":[[-303,-335,-351,351,352,353]],"type":"Polygon","properties":{"key":"Maharashtra|Osmanabad","district":"Osmanabad","st_nm":"Maharashtra","dt_code":"525"}},{"arcs":[[-342,354,355,356,357]],"type":"Polygon","properties":{"key":"Odisha|Malkangiri","district":"Malkangiri","st_nm":"Odisha","dt_code":"399"}},{"arcs":[[-304,-354,358,359,360,361,-330]],"type":"Polygon","properties":{"key":"Maharashtra|Solapur","district":"Solapur","st_nm":"Maharashtra","dt_code":"526"}},{"arcs":[[-341,-349,362,363,-355]],"type":"Polygon","properties":{"key":"Andhra Pradesh|Visakhapatnam","district":"Visakhapatnam","st_nm":"Andhra Pradesh","dt_code":"544"}},{"arcs":[[-322,364,365,366,-352,-350]],"type":"Polygon","properties":{"key":"Karnataka|Bidar","district":"Bidar","st_nm":"Karnataka","dt_code":"558"}},{"arcs":[[-331,-362,367,368,369]],"type":"Polygon","properties":{"key":"Maharashtra|Satara","district":"Satara","st_nm":"Maharashtra","dt_code":"527"}},{"arcs":[[-369,370,371,372,373,374]],"type":"Polygon","properties":{"key":"Maharashtra|Ratnagiri","district":"Ratnagiri","st_nm":"Maharashtra","dt_code":"528"}},{"arcs":[[-353,-367,375,376,377,378,379,-359]],"type":"Polygon","properties":{"key":"Karnataka|Kalaburagi","district":"Kalaburagi","st_nm":"Karnataka","dt_code":"579"}},{"arcs":[[-361,380,381,382,-371,-368]],"type":"Polygon","properties":{"key":"Maharashtra|Sangli","district":"Sangli","st_nm":"Maharashtra","dt_code":"531"}},{"arcs":[[-372,-383,383,384]],"type":"Polygon","properties":{"key":"Maharashtra|Kolhapur","district":"Kolhapur","st_nm":"Maharashtra","dt_code":"530"}},{"arcs":[[385,386,387,388,389]],"type":"Polygon","properties":{"key":"Andhra Pradesh|Krishna","district":"Krishna","st_nm":"Andhra Pradesh","dt_code":"547"}},{"arcs":[[-382,390,391,392,393,394,395,396,-384]],"type":"Polygon","properties":{"key":"Karnataka|Belagavi","district":"Belagavi","st_nm":"Karnataka","dt_code":"555"}},{"arcs":[[-379,397,398,399]],"type":"Polygon","properties":{"key":"Karnataka|Yadgir","district":"Yadgir","st_nm":"Karnataka","dt_code":"580"}},{"arcs":[[-392,400,401,402,403]],"type":"Polygon","properties":{"key":"Karnataka|Bagalkote","district":"Bagalkote","st_nm":"Karnataka","dt_code":"556"}},{"arcs":[[-373,-385,-397,404,405]],"type":"Polygon","properties":{"key":"Maharashtra|Sindhudurg","district":"Sindhudurg","st_nm":"Maharashtra","dt_code":"529"}},{"arcs":[[-386,406,407,408,409,410]],"type":"Polygon","properties":{"key":"Andhra Pradesh|Guntur","district":"Guntur","st_nm":"Andhra Pradesh","dt_code":"548"}},{"arcs":[[-356,-364,411,412,413,414],[415]],"type":"Polygon","properties":{"key":"Andhra Pradesh|East Godavari","district":"East Godavari","st_nm":"Andhra Pradesh","dt_code":"545"}},{"arcs":[[-399,416,417,418,419,420,-402,421]],"type":"Polygon","properties":{"key":"Karnataka|Raichur","district":"Raichur","st_nm":"Karnataka","dt_code":"559"}},{"arcs":[[-408,422,423,424,425,426]],"type":"Polygon","properties":{"key":"Andhra Pradesh|Prakasam","district":"Prakasam","st_nm":"Andhra Pradesh","dt_code":"549"}},{"arcs":[[-419,427,428,429,-426,430,431,432]],"type":"Polygon","properties":{"key":"Andhra Pradesh|Kurnool","district":"Kurnool","st_nm":"Andhra Pradesh","dt_code":"552"}},{"arcs":[[-403,-421,433,434]],"type":"Polygon","properties":{"key":"Karnataka|Koppal","district":"Koppal","st_nm":"Karnataka","dt_code":"560"}},{"arcs":[[-393,-404,-435,435,436,437]],"type":"Polygon","properties":{"key":"Karnataka|Gadag","district":"Gadag","st_nm":"Karnataka","dt_code":"561"}},{"arcs":[[-396,438,439,440,-405]],"type":"Polygon","properties":{"key":"Goa|North Goa","district":"North Goa","st_nm":"Goa","dt_code":"585"}},{"arcs":[[-420,-433,441,442,443,444,-436,-434]],"type":"Polygon","properties":{"key":"Karnataka|Ballari","district":"Ballari","st_nm":"Karnataka","dt_code":"565"}},{"arcs":[[-394,-438,445,446]],"type":"Polygon","properties":{"key":"Karnataka|Dharwad","district":"Dharwad","st_nm":"Karnataka","dt_code":"562"}},{"arcs":[[-395,-447,447,448,449,450,451,-439]],"type":"Polygon","properties":{"key":"Karnataka|Uttara Kannada","district":"Uttara Kannada","st_nm":"Karnataka","dt_code":"563"}},{"arcs":[[-440,-452,452]],"type":"Polygon","properties":{"key":"Goa|South Goa","district":"South Goa","st_nm":"Goa","dt_code":"586"}},{"arcs":[[-437,-445,453,454,-448,-446]],"type":"Polygon","properties":{"key":"Karnataka|Haveri","district":"Haveri","st_nm":"Karnataka","dt_code":"564"}},{"arcs":[[-432,455,456,457,458,459,460,461,-442]],"type":"Polygon","properties":{"key":"Andhra Pradesh|Anantapur","district":"Anantapur","st_nm":"Andhra Pradesh","dt_code":"553"}},{"arcs":[[-41,462,463,-424,464]],"type":"Polygon","properties":{"key":"Andhra Pradesh|S.P.S. Nellore","district":"S.P.S. Nellore","st_nm":"Andhra Pradesh","dt_code":"550"}},{"arcs":[[-443,-462,465,-460,466,467,468]],"type":"Polygon","properties":{"key":"Karnataka|Chitradurga","district":"Chitradurga","st_nm":"Karnataka","dt_code":"566"}},{"arcs":[[-444,-469,469,470,-454]],"type":"Polygon","properties":{"key":"Karnataka|Davanagere","district":"Davanagere","st_nm":"Karnataka","dt_code":"567"}},{"arcs":[[-449,-455,-471,471,472]],"type":"Polygon","properties":{"key":"Karnataka|Shivamogga","district":"Shivamogga","st_nm":"Karnataka","dt_code":"568"}},{"arcs":[[-450,-473,473,474,475]],"type":"Polygon","properties":{"key":"Karnataka|Udupi","district":"Udupi","st_nm":"Karnataka","dt_code":"569"}},{"arcs":[[-468,476,477,478,-474,-472,-470]],"type":"Polygon","properties":{"key":"Karnataka|Chikkamagaluru","district":"Chikkamagaluru","st_nm":"Karnataka","dt_code":"570"}},{"arcs":[[-458,479,480,481,482]],"type":"Polygon","properties":{"key":"Karnataka|Chikkaballapura","district":"Chikkaballapura","st_nm":"Karnataka","dt_code":"582"}},{"arcs":[[-478,483,484,485,486,487]],"type":"Polygon","properties":{"key":"Karnataka|Hassan","district":"Hassan","st_nm":"Karnataka","dt_code":"574"}},{"arcs":[[-53,488,-481,489]],"type":"Polygon","properties":{"key":"Karnataka|Kolar","district":"Kolar","st_nm":"Karnataka","dt_code":"581"}},{"arcs":[[-52,490,491,492,-482,-489]],"type":"Polygon","properties":{"key":"Karnataka|Bengaluru Rural","district":"Bengaluru Rural","st_nm":"Karnataka","dt_code":"583"}},{"arcs":[[-475,-479,-488,493,494,495]],"type":"Polygon","properties":{"key":"Karnataka|Dakshina Kannada","district":"Dakshina Kannada","st_nm":"Karnataka","dt_code":"575"}},{"arcs":[[-51,496,-491]],"type":"Polygon","properties":{"key":"Karnataka|Bengaluru Urban","district":"Bengaluru Urban","st_nm":"Karnataka","dt_code":"572"}},{"arcs":[[-495,497,498,499]],"type":"Polygon","properties":{"key":"Kerala|Kasaragod","district":"Kasaragod","st_nm":"Kerala","dt_code":"588"}},{"arcs":[[-487,500,501,502,-498,-494]],"type":"Polygon","properties":{"key":"Karnataka|Kodagu","district":"Kodagu","st_nm":"Karnataka","dt_code":"576"}},{"arcs":[[-49,-65,-76,-81,503,504,505,506]],"type":"Polygon","properties":{"key":"Karnataka|Chamarajanagara","district":"Chamarajanagara","st_nm":"Karnataka","dt_code":"578"}},{"arcs":[[-80,507,508,509,-502,510,-504]],"type":"Polygon","properties":{"key":"Kerala|Wayanad","district":"Wayanad","st_nm":"Kerala","dt_code":"590"}},{"arcs":[[-509,511,512,513]],"type":"Polygon","properties":{"key":"Kerala|Kozhikode","district":"Kozhikode","st_nm":"Kerala","dt_code":"591"}},{"arcs":[[-79,514,515,516,-512,-508]],"type":"Polygon","properties":{"key":"Kerala|Malappuram","district":"Malappuram","st_nm":"Kerala","dt_code":"592"}},{"arcs":[[-78,-92,517,-515]],"type":"Polygon","properties":{"key":"Kerala|Palakkad","district":"Palakkad","st_nm":"Kerala","dt_code":"593"}},{"arcs":[[-91,518,519,-516,-518]],"type":"Polygon","properties":{"key":"Kerala|Thrissur","district":"Thrissur","st_nm":"Kerala","dt_code":"594"}},{"arcs":[[-89,-104,-117,-122,-127,-156,520,521,522]],"type":"Polygon","properties":{"key":"Kerala|Idukki","district":"Idukki","st_nm":"Kerala","dt_code":"596"}},{"arcs":[[-90,-523,523,524,525,-519]],"type":"Polygon","properties":{"key":"Kerala|Ernakulam","district":"Ernakulam","st_nm":"Kerala","dt_code":"595"}},{"arcs":[[-525,526,527,528,529]],"type":"Polygon","properties":{"key":"Kerala|Alappuzha","district":"Alappuzha","st_nm":"Kerala","dt_code":"598"}},{"arcs":[[-522,530,-527,-524]],"type":"Polygon","properties":{"key":"Kerala|Kottayam","district":"Kottayam","st_nm":"Kerala","dt_code":"597"}},{"arcs":[[-155,531,-528,-531,-521]],"type":"Polygon","properties":{"key":"Kerala|Pathanamthitta","district":"Pathanamthitta","st_nm":"Kerala","dt_code":"599"}},{"arcs":[[-154,-159,532,533,-529,-532]],"type":"Polygon","properties":{"key":"Kerala|Kollam","district":"Kollam","st_nm":"Kerala","dt_code":"600"}},{"arcs":[[-133,534,-533,-158]],"type":"Polygon","properties":{"key":"Kerala|Thiruvananthapuram","district":"Thiruvananthapuram","st_nm":"Kerala","dt_code":"601"}},{"arcs":[[-389,535,536,-413,537]],"type":"Polygon","properties":{"key":"Andhra Pradesh|West Godavari","district":"West Godavari","st_nm":"Andhra Pradesh","dt_code":"546"}},{"arcs":[[-326,538,539,540,541]],"type":"Polygon","properties":{"key":"Chhattisgarh|Dakshin Bastar Dantewada","district":"Dakshin Bastar Dantewada","st_nm":"Chhattisgarh","dt_code":"416"}},{"arcs":[[-308,-343,-358,542,-540,543]],"type":"Polygon","properties":{"key":"Chhattisgarh|Bastar","district":"Bastar","st_nm":"Chhattisgarh","dt_code":"414"}},{"arcs":[[-288,544,-309,-544,-539,-325]],"type":"Polygon","properties":{"key":"Chhattisgarh|Kondagaon","district":"Kondagaon","st_nm":"Chhattisgarh","dt_code":"722"}},{"arcs":[[-189,-233,-295,-311,545,546]],"type":"Polygon","properties":{"key":"Chhattisgarh|Gariaband","district":"Gariaband","st_nm":"Chhattisgarh","dt_code":"720"}},{"arcs":[[-190,-547,547,548,549,550]],"type":"Polygon","properties":{"key":"Chhattisgarh|Raipur","district":"Raipur","st_nm":"Chhattisgarh","dt_code":"410"}},{"arcs":[[-549,551,552,553,554]],"type":"Polygon","properties":{"key":"Chhattisgarh|Durg","district":"Durg","st_nm":"Chhattisgarh","dt_code":"409"}},{"arcs":[[-240,-306,-333,555,-338,556,557]],"type":"Polygon","properties":{"key":"Maharashtra|Thane","district":"Thane","st_nm":"Maharashtra","dt_code":"517"}},{"arcs":[[-266,558,559,-318,-269]],"type":"Polygon","properties":{"key":"Telangana|Adilabad","district":"Adilabad","st_nm":"Telangana","dt_code":"532"}},{"arcs":[[560,561]],"type":"Polygon","properties":{"key":"Telangana|Hyderabad","district":"Hyderabad","st_nm":"Telangana","dt_code":"536"}},{"arcs":[[562,563,564,565,566,567]],"type":"Polygon","properties":{"key":"Telangana|Jagtial","district":"Jagtial","st_nm":"Telangana","dt_code":"737"}},{"arcs":[[568,569,570,571,572,573]],"type":"Polygon","properties":{"key":"Telangana|Jangaon","district":"Jangaon","st_nm":"Telangana","dt_code":"752"}},{"arcs":[[574,575,576,577,578]],"type":"Polygon","properties":{"key":"Telangana|Mulugu","district":"Mulugu","st_nm":"Telangana","dt_code":"780"}},{"arcs":[[-418,579,580,-428]],"type":"Polygon","properties":{"key":"Telangana|Jogulamba Gadwal","district":"Jogulamba Gadwal","st_nm":"Telangana","dt_code":"744"}},{"arcs":[[-321,581,582,583,584,585,-365]],"type":"Polygon","properties":{"key":"Telangana|Kamareddy","district":"Kamareddy","st_nm":"Telangana","dt_code":"736"}},{"arcs":[[-564,586,587,588,589,590]],"type":"Polygon","properties":{"key":"Telangana|Karimnagar","district":"Karimnagar","st_nm":"Telangana","dt_code":"534"}},{"arcs":[[-388,591,592,593,-536]],"type":"Polygon","properties":{"key":"Telangana|Khammam","district":"Khammam","st_nm":"Telangana","dt_code":"541"}},{"arcs":[[-254,594,595,-559,-265]],"type":"Polygon","properties":{"key":"Telangana|Komaram Bheem","district":"Komaram Bheem","st_nm":"Telangana","dt_code":"733"}},{"arcs":[[-570,596,-577,597,-593,598]],"type":"Polygon","properties":{"key":"Telangana|Mahabubabad","district":"Mahabubabad","st_nm":"Telangana","dt_code":"751"}},{"arcs":[[599,600,601,602,603]],"type":"Polygon","properties":{"key":"Telangana|Mahabubnagar","district":"Mahabubnagar","st_nm":"Telangana","dt_code":"538"}},{"arcs":[[-253,604,605,-568,606,-595]],"type":"Polygon","properties":{"key":"Telangana|Mancherial","district":"Mancherial","st_nm":"Telangana","dt_code":"735"}},{"arcs":[[-585,607,608,609]],"type":"Polygon","properties":{"key":"Telangana|Medak","district":"Medak","st_nm":"Telangana","dt_code":"535"}},{"arcs":[[-562,610,611,-609,612,613,614]],"type":"Polygon","properties":{"key":"Telangana|Medchal Malkajgiri","district":"Medchal Malkajgiri","st_nm":"Telangana","dt_code":"742"}},{"arcs":[[-409,-427,-430,615,-603,616,617]],"type":"Polygon","properties":{"key":"Telangana|Nagarkurnool","district":"Nagarkurnool","st_nm":"Telangana","dt_code":"746"}},{"arcs":[[-410,-618,618,619,620]],"type":"Polygon","properties":{"key":"Telangana|Nalgonda","district":"Nalgonda","st_nm":"Telangana","dt_code":"539"}},{"arcs":[[-319,-560,-596,-607,-567,621]],"type":"Polygon","properties":{"key":"Telangana|Nirmal","district":"Nirmal","st_nm":"Telangana","dt_code":"734"}},{"arcs":[[-320,-622,-566,622,-582]],"type":"Polygon","properties":{"key":"Telangana|Nizamabad","district":"Nizamabad","st_nm":"Telangana","dt_code":"533"}},{"arcs":[[-563,-606,623,-587]],"type":"Polygon","properties":{"key":"Telangana|Peddapalli","district":"Peddapalli","st_nm":"Telangana","dt_code":"738"}},{"arcs":[[-565,-591,624,-583,-623]],"type":"Polygon","properties":{"key":"Telangana|Rajanna Sircilla","district":"Rajanna Sircilla","st_nm":"Telangana","dt_code":"739"}},{"arcs":[[-561,-615,625,-619,-617,-602,626,627,-611]],"type":"Polygon","properties":{"key":"Telangana|Ranga Reddy","district":"Ranga Reddy","st_nm":"Telangana","dt_code":"537"}},{"arcs":[[-366,-586,-610,-612,-628,628,-376]],"type":"Polygon","properties":{"key":"Telangana|Sangareddy","district":"Sangareddy","st_nm":"Telangana","dt_code":"740"}},{"arcs":[[-573,629,-613,-608,-584,-625,-590,630]],"type":"Polygon","properties":{"key":"Telangana|Siddipet","district":"Siddipet","st_nm":"Telangana","dt_code":"741"}},{"arcs":[[-387,-411,-621,631,-571,-599,-592]],"type":"Polygon","properties":{"key":"Telangana|Suryapet","district":"Suryapet","st_nm":"Telangana","dt_code":"748"}},{"arcs":[[-377,-629,-627,-601,632]],"type":"Polygon","properties":{"key":"Telangana|Vikarabad","district":"Vikarabad","st_nm":"Telangana","dt_code":"743"}},{"arcs":[[-429,-581,633,-604,-616]],"type":"Polygon","properties":{"key":"Telangana|Wanaparthy","district":"Wanaparthy","st_nm":"Telangana","dt_code":"745"}},{"arcs":[[-569,634,635,-578,-597]],"type":"Polygon","properties":{"key":"Telangana|Warangal Rural","district":"Warangal Rural","st_nm":"Telangana","dt_code":"749"}},{"arcs":[[-574,-631,-589,636,-635]],"type":"Polygon","properties":{"key":"Telangana|Warangal Urban","district":"Warangal Urban","st_nm":"Telangana","dt_code":"540"}},{"arcs":[[-572,-632,-620,-626,-614,-630]],"type":"Polygon","properties":{"key":"Telangana|Yadadri Bhuvanagiri","district":"Yadadri Bhuvanagiri","st_nm":"Telangana","dt_code":"747"}},{"arcs":[[[637]],[[638]],[[639,640,641,642]],[[643]],[[644]]],"type":"MultiPolygon","properties":{"key":"West Bengal|South 24 Parganas","district":"South 24 Parganas","st_nm":"West Bengal","dt_code":"343"}},{"arcs":[[645,646,647,648,649,650]],"type":"Polygon","properties":{"key":"Gujarat|Amreli","district":"Amreli","st_nm":"Gujarat","dt_code":"480"}},{"arcs":[[-220,-264,-282,-245,-225,651,652,653,654]],"type":"Polygon","properties":{"key":"Odisha|Angul","district":"Angul","st_nm":"Odisha","dt_code":"384"}},{"arcs":[[-243,655,656,657]],"type":"Polygon","properties":{"key":"Gujarat|Dang","district":"Dang","st_nm":"Gujarat","dt_code":"489"}},{"arcs":[[-287,658,-552,-548,-546,-310,-545]],"type":"Polygon","properties":{"key":"Chhattisgarh|Dhamtari","district":"Dhamtari","st_nm":"Chhattisgarh","dt_code":"412"}},{"arcs":[[-217,659,-296,-259,-222]],"type":"Polygon","properties":{"key":"Odisha|Kendrapara","district":"Kendrapara","st_nm":"Odisha","dt_code":"379"}},{"arcs":[[-209,660]],"type":"Polygon","properties":{"key":"Dadra and Nagar Haveli and Daman and Diu|Dadra and Nagar Haveli","district":"Dadra and Nagar Haveli","st_nm":"Dadra and Nagar Haveli and Daman and Diu","dt_code":"496"}},{"arcs":[[-208,-241,-558,661,-210,-661]],"type":"Polygon","properties":{"key":"Maharashtra|Palghar","district":"Palghar","st_nm":"Maharashtra","dt_code":"732"}},{"arcs":[[-274,-284,-291,-300,662,-345,663]],"type":"Polygon","properties":{"key":"Odisha|Ganjam","district":"Ganjam","st_nm":"Odisha","dt_code":"388"}},{"arcs":[[-275,-664,-344,-314]],"type":"Polygon","properties":{"key":"Odisha|Gajapati","district":"Gajapati","st_nm":"Odisha","dt_code":"389"}},{"arcs":[[-425,-464,664,-456,-431]],"type":"Polygon","properties":{"key":"Andhra Pradesh|Y.S.R. Kadapa","district":"Y.S.R. Kadapa","st_nm":"Andhra Pradesh","dt_code":"551"}},{"arcs":[[[-459,-483,-493,665,666,-484,-477,-467]],[[-461,-466]]],"type":"MultiPolygon","properties":{"key":"Karnataka|Tumakuru","district":"Tumakuru","st_nm":"Karnataka","dt_code":"571"}},{"arcs":[[-40,-164,-161,-165,-54,-490,-480,-457,-665,-463]],"type":"Polygon","properties":{"key":"Andhra Pradesh|Chittoor","district":"Chittoor","st_nm":"Andhra Pradesh","dt_code":"554"}},{"arcs":[[-50,-507,667,-666,-492,-497]],"type":"Polygon","properties":{"key":"Karnataka|Ramanagara","district":"Ramanagara","st_nm":"Karnataka","dt_code":"584"}},{"arcs":[[-485,-667,-668,-506,668]],"type":"Polygon","properties":{"key":"Karnataka|Mandya","district":"Mandya","st_nm":"Karnataka","dt_code":"573"}},{"arcs":[[-486,-669,-505,-511,-501]],"type":"Polygon","properties":{"key":"Karnataka|Mysuru","district":"Mysuru","st_nm":"Karnataka","dt_code":"577"}},{"arcs":[[-499,-503,-510,-514,669],[670]],"type":"Polygon","properties":{"key":"Kerala|Kannur","district":"Kannur","st_nm":"Kerala","dt_code":"589"}},{"arcs":[[-137,671,-141]],"type":"Polygon","properties":{"key":"Puducherry|Puducherry","district":"Puducherry","st_nm":"Puducherry","dt_code":"635"}},{"arcs":[[-286,672,-553,-659]],"type":"Polygon","properties":{"key":"Chhattisgarh|Balod","district":"Balod","st_nm":"Chhattisgarh","dt_code":"719"}},{"arcs":[[-414,-537,-594,-598,-576,673,674]],"type":"Polygon","properties":{"key":"Telangana|Bhadradri Kothagudem","district":"Bhadradri Kothagudem","st_nm":"Telangana","dt_code":"753"}},{"arcs":[[675,676,677,678,679,680,681]],"type":"Polygon","properties":{"key":"Gujarat|Vadodara","district":"Vadodara","st_nm":"Gujarat","dt_code":"486"}},{"arcs":[[682,683,684,685,686,687]],"type":"Polygon","properties":{"key":"West Bengal|Paschim Medinipur","district":"Paschim Medinipur","st_nm":"West Bengal","dt_code":"344"}},{"arcs":[[688,689,690,691,692,693]],"type":"Polygon","properties":{"key":"Madhya Pradesh|Seoni","district":"Seoni","st_nm":"Madhya Pradesh","dt_code":"456"}},{"arcs":[[694,695,696,697,698,699]],"type":"Polygon","properties":{"key":"Madhya Pradesh|Alirajpur","district":"Alirajpur","st_nm":"Madhya Pradesh","dt_code":"465"}},{"arcs":[[-692,700,701,702,703,704]],"type":"Polygon","properties":{"key":"Madhya Pradesh|Chhindwara","district":"Chhindwara","st_nm":"Madhya Pradesh","dt_code":"455"}},{"arcs":[[705,706,707,708,709]],"type":"Polygon","properties":{"key":"Madhya Pradesh|Harda","district":"Harda","st_nm":"Madhya Pradesh","dt_code":"448"}},{"arcs":[[-171,-186,710,711,712,713,714]],"type":"Polygon","properties":{"key":"Madhya Pradesh|Khargone","district":"Khargone","st_nm":"Madhya Pradesh","dt_code":"440"}},{"arcs":[[-685,715,716,717]],"type":"Polygon","properties":{"key":"West Bengal|Purba Medinipur","district":"Purba Medinipur","st_nm":"West Bengal","dt_code":"345"}},{"arcs":[[718,719,720,721,722,723]],"type":"Polygon","properties":{"key":"Odisha|Mayurbhanj","district":"Mayurbhanj","st_nm":"Odisha","dt_code":"376"}},{"arcs":[[-678,724,725,726]],"type":"Polygon","properties":{"key":"Gujarat|Bharuch","district":"Bharuch","st_nm":"Gujarat","dt_code":"488"}},{"arcs":[[-654,727,728,729,730,731,732,733,734]],"type":"Polygon","properties":{"key":"Odisha|Sundargarh","district":"Sundargarh","st_nm":"Odisha","dt_code":"374"}},{"arcs":[[735,736,737,738,739,740]],"type":"Polygon","properties":{"key":"Chhattisgarh|Kabeerdham","district":"Kabeerdham","st_nm":"Chhattisgarh","dt_code":"407"}},{"arcs":[[-172,-715,741,-707,742,743]],"type":"Polygon","properties":{"key":"Madhya Pradesh|Khandwa","district":"Khandwa","st_nm":"Madhya Pradesh","dt_code":"466"}},{"arcs":[[744,745,746,747,748]],"type":"Polygon","properties":{"key":"Gujarat|Porbandar","district":"Porbandar","st_nm":"Gujarat","dt_code":"478"}},{"arcs":[[-176,-180,749,-690,750,-739,751]],"type":"Polygon","properties":{"key":"Madhya Pradesh|Balaghat","district":"Balaghat","st_nm":"Madhya Pradesh","dt_code":"457"}},{"arcs":[[-677,752,753,754,755,-725]],"type":"Polygon","properties":{"key":"Gujarat|Narmada","district":"Narmada","st_nm":"Gujarat","dt_code":"487"}},{"arcs":[[-185,756,757,-696,758,-711]],"type":"Polygon","properties":{"key":"Madhya Pradesh|Barwani","district":"Barwani","st_nm":"Madhya Pradesh","dt_code":"441"}},{"arcs":[[759,760,761,762]],"type":"Polygon","properties":{"key":"Chhattisgarh|Janjgir Champa","district":"Janjgir Champa","st_nm":"Chhattisgarh","dt_code":"405"}},{"arcs":[[763,-754,764,-697,-758,765]],"type":"Polygon","properties":{"key":"Maharashtra|Nandurbar","district":"Nandurbar","st_nm":"Maharashtra","dt_code":"497"}},{"arcs":[[-214,-224,-221,-655,-735,766,-721,767]],"type":"Polygon","properties":{"key":"Odisha|Kendujhar","district":"Kendujhar","st_nm":"Odisha","dt_code":"375"}},{"arcs":[[-215,-768,-720,768,-686,-718,769]],"type":"Polygon","properties":{"key":"Odisha|Balasore","district":"Balasore","st_nm":"Odisha","dt_code":"377"}},{"arcs":[[-730,770,771,772]],"type":"Polygon","properties":{"key":"Odisha|Jharsuguda","district":"Jharsuguda","st_nm":"Odisha","dt_code":"371"}},{"arcs":[[-550,-555,773,-737,774,775]],"type":"Polygon","properties":{"key":"Chhattisgarh|Bametara","district":"Bametara","st_nm":"Chhattisgarh","dt_code":"718"}},{"arcs":[[-173,-752,-738,-774,-554,-673,-285,-248]],"type":"Polygon","properties":{"key":"Chhattisgarh|Rajnandgaon","district":"Rajnandgaon","st_nm":"Chhattisgarh","dt_code":"408"}},{"arcs":[[-168,-744,776,-702,777,-196,-272,-256,-211,-197]],"type":"Polygon","properties":{"key":"Maharashtra|Amravati","district":"Amravati","st_nm":"Maharashtra","dt_code":"503"}},{"arcs":[[-726,-756,778,779,780]],"type":"Polygon","properties":{"key":"Gujarat|Surat","district":"Surat","st_nm":"Gujarat","dt_code":"492"}},{"arcs":[[-184,-244,-658,781,-766,-757]],"type":"Polygon","properties":{"key":"Maharashtra|Dhule","district":"Dhule","st_nm":"Maharashtra","dt_code":"498"}},{"arcs":[[-764,-782,-657,782,-779,-755]],"type":"Polygon","properties":{"key":"Gujarat|Tapi","district":"Tapi","st_nm":"Gujarat","dt_code":"493"}},{"arcs":[[-187,783,-772,784,-228,-237,-230]],"type":"Polygon","properties":{"key":"Odisha|Bargarh","district":"Bargarh","st_nm":"Odisha","dt_code":"370"}},{"arcs":[[-179,-268,-193,-778,-701,-691,-750]],"type":"Polygon","properties":{"key":"Maharashtra|Nagpur","district":"Nagpur","st_nm":"Maharashtra","dt_code":"505"}},{"arcs":[[-191,-551,-776,785,786,-761,787]],"type":"Polygon","properties":{"key":"Chhattisgarh|Baloda Bazar","district":"Baloda Bazar","st_nm":"Chhattisgarh","dt_code":"721"}},{"arcs":[[-736,788,789,-786,-775]],"type":"Polygon","properties":{"key":"Chhattisgarh|Mungeli","district":"Mungeli","st_nm":"Chhattisgarh","dt_code":"717"}},{"arcs":[[-646,790,791,792,793]],"type":"Polygon","properties":{"key":"Gujarat|Botad","district":"Botad","st_nm":"Gujarat","dt_code":"726"}},{"arcs":[[-676,794,795,-698,-765,-753]],"type":"Polygon","properties":{"key":"Gujarat|Chhota Udaipur","district":"Chhota Udaipur","st_nm":"Gujarat","dt_code":"731"}},{"arcs":[[-649,796,797,798,799]],"type":"Polygon","properties":{"key":"Gujarat|Gir Somnath","district":"Gir Somnath","st_nm":"Gujarat","dt_code":"729"}},{"arcs":[[-687,-769,-719,800,801,802]],"type":"Polygon","properties":{"key":"West Bengal|Jhargram","district":"Jhargram","st_nm":"West Bengal","dt_code":"776"}},{"arcs":[[-651,803,-746,804,805,806,-791]],"type":"Polygon","properties":{"key":"Gujarat|Rajkot","district":"Rajkot","st_nm":"Gujarat","dt_code":"476"}},{"arcs":[[[-647,-794,807,808]],[[809]]],"type":"MultiPolygon","properties":{"key":"Gujarat|Bhavnagar","district":"Bhavnagar","st_nm":"Gujarat","dt_code":"481"}},{"arcs":[[-703,-777,-743,-706,810]],"type":"Polygon","properties":{"key":"Madhya Pradesh|Betul","district":"Betul","st_nm":"Madhya Pradesh","dt_code":"447"}},{"arcs":[[-650,-800,811,-747,-804]],"type":"Polygon","properties":{"key":"Gujarat|Junagadh","district":"Junagadh","st_nm":"Gujarat","dt_code":"479"}},{"arcs":[[-653,812,-728]],"type":"Polygon","properties":{"key":"Odisha|Deogarh","district":"Deogarh","st_nm":"Odisha","dt_code":"373"}},{"arcs":[[-745,813,814,815,-805]],"type":"Polygon","properties":{"key":"Gujarat|Jamnagar","district":"Jamnagar","st_nm":"Gujarat","dt_code":"477"}},{"arcs":[[-749,816,-814]],"type":"Polygon","properties":{"key":"Gujarat|Devbhumi Dwarka","district":"Devbhumi Dwarka","st_nm":"Gujarat","dt_code":"728"}},{"arcs":[[-182,-202,-281,-336,-301,-238]],"type":"Polygon","properties":{"key":"Maharashtra|Aurangabad","district":"Aurangabad","st_nm":"Maharashtra","dt_code":"515"}},{"arcs":[[-360,-380,-400,-422,-401,-391,-381]],"type":"Polygon","properties":{"key":"Karnataka|Vijayapura","district":"Vijayapura","st_nm":"Karnataka","dt_code":"557"}},{"arcs":[[-251,-327,-542,817,-674,-575,818]],"type":"Polygon","properties":{"key":"Chhattisgarh|Bijapur","district":"Bijapur","st_nm":"Chhattisgarh","dt_code":"417"}},{"arcs":[[-332,-370,-375,819,-339,-556]],"type":"Polygon","properties":{"key":"Maharashtra|Raigad","district":"Raigad","st_nm":"Maharashtra","dt_code":"520"}},{"arcs":[[-192,-788,-760,820,821,822,-731,-773,-784]],"type":"Polygon","properties":{"key":"Chhattisgarh|Raigarh","district":"Raigarh","st_nm":"Chhattisgarh","dt_code":"403"}},{"arcs":[[-762,-787,-790,823,824,825,826]],"type":"Polygon","properties":{"key":"Chhattisgarh|Bilaspur","district":"Bilaspur","st_nm":"Chhattisgarh","dt_code":"406"}},{"arcs":[[-113,-150,827,-151]],"type":"Polygon","properties":{"key":"Puducherry|Karaikal","district":"Karaikal","st_nm":"Puducherry","dt_code":"637"}},{"arcs":[[-671]],"type":"Polygon","properties":{"key":"Puducherry|Mahe","district":"Mahe","st_nm":"Puducherry","dt_code":"636"}},{"arcs":[[-416]],"type":"Polygon","properties":{"key":"Puducherry|Yanam","district":"Yanam","st_nm":"Puducherry","dt_code":"634"}},{"arcs":[[-229,-785,-771,-729,-813,-652]],"type":"Polygon","properties":{"key":"Odisha|Sambalpur","district":"Sambalpur","st_nm":"Odisha","dt_code":"372"}},{"arcs":[[-206,828,-780,-783,-656,-242]],"type":"Polygon","properties":{"key":"Gujarat|Navsari","district":"Navsari","st_nm":"Gujarat","dt_code":"490"}},{"arcs":[[829]],"type":"Polygon","properties":{"key":"Lakshadweep|Lakshadweep","district":"Lakshadweep","st_nm":"Lakshadweep","dt_code":"587"}},{"arcs":[[-204,830]],"type":"Polygon","properties":{"key":"Dadra and Nagar Haveli and Daman and Diu|Daman","district":"Daman","st_nm":"Dadra and Nagar Haveli and Daman and Diu","dt_code":"495"}},{"arcs":[[-798,831]],"type":"Polygon","properties":{"key":"Dadra and Nagar Haveli and Daman and Diu|Diu","district":"Diu","st_nm":"Dadra and Nagar Haveli and Daman and Diu","dt_code":"494"}},{"arcs":[[-252,-819,-579,-636,-637,-588,-624,-605]],"type":"Polygon","properties":{"key":"Telangana|Jayashankar Bhupalapally","district":"Jayashankar Bhupalapally","st_nm":"Telangana","dt_code":"750"}},{"arcs":[[-378,-633,-600,-634,-580,-417,-398]],"type":"Polygon","properties":{"key":"Telangana|Narayanpet","district":"Narayanpet","st_nm":"Telangana","dt_code":"781"}},{"arcs":[[-357,-415,-675,-818,-541,-543]],"type":"Polygon","properties":{"key":"Chhattisgarh|Sukma","district":"Sukma","st_nm":"Chhattisgarh","dt_code":"723"}},{"arcs":[[832,833,834,835,836,837,838,839]],"type":"Polygon","properties":{"key":"Arunachal Pradesh|Upper Subansiri","district":"Upper Subansiri","st_nm":"Arunachal Pradesh","dt_code":"249"}},{"arcs":[[840,841,842,843]],"type":"Polygon","properties":{"key":"Arunachal Pradesh|Anjaw","district":"Anjaw","st_nm":"Arunachal Pradesh","dt_code":"260"}},{"arcs":[[844,845,846,847,848,849,850,851]],"type":"Polygon","properties":{"key":"Assam|Tinsukia","district":"Tinsukia","st_nm":"Assam","dt_code":"309"}},{"arcs":[[-849,852,853,854,855,856]],"type":"Polygon","properties":{"key":"Assam|Dhemaji","district":"Dhemaji","st_nm":"Assam","dt_code":"308"}},{"arcs":[[-841,857,858,-846,859,860]],"type":"Polygon","properties":{"key":"Arunachal Pradesh|Changlang","district":"Changlang","st_nm":"Arunachal Pradesh","dt_code":"253"}},{"arcs":[[-848,861,862,863,864,865,866,-853]],"type":"Polygon","properties":{"key":"Assam|Dibrugarh","district":"Dibrugarh","st_nm":"Assam","dt_code":"310"}},{"arcs":[[867,868,869]],"type":"Polygon","properties":{"key":"Arunachal Pradesh|Tawang","district":"Tawang","st_nm":"Arunachal Pradesh","dt_code":"245"}},{"arcs":[[870,871,872,873,874,875,876,877]],"type":"Polygon","properties":{"key":"Arunachal Pradesh|Papum Pare","district":"Papum Pare","st_nm":"Arunachal Pradesh","dt_code":"248"}},{"arcs":[[-854,-867,878,879,880,-872,881]],"type":"Polygon","properties":{"key":"Assam|Lakhimpur","district":"Lakhimpur","st_nm":"Assam","dt_code":"307"}},{"arcs":[[-847,-859,882,883,-862]],"type":"Polygon","properties":{"key":"Arunachal Pradesh|Tirap","district":"Tirap","st_nm":"Arunachal Pradesh","dt_code":"254"}},{"arcs":[[-865,884,885,886,887,888,889]],"type":"Polygon","properties":{"key":"Assam|Sivasagar","district":"Sivasagar","st_nm":"Assam","dt_code":"311"}},{"arcs":[[-889,890,891,892,893]],"type":"Polygon","properties":{"key":"Assam|Jorhat","district":"Jorhat","st_nm":"Assam","dt_code":"312"}},{"arcs":[[-886,894,895,896,897,898]],"type":"Polygon","properties":{"key":"Nagaland|Mon","district":"Mon","st_nm":"Nagaland","dt_code":"261"}},{"arcs":[[899,900,901,902,903,904,905]],"type":"Polygon","properties":{"key":"Assam|Sonitpur","district":"Sonitpur","st_nm":"Assam","dt_code":"306"}},{"arcs":[[-880,906,-893,907,908,909,910,911]],"type":"Polygon","properties":{"key":"Assam|Golaghat","district":"Golaghat","st_nm":"Assam","dt_code":"313"}},{"arcs":[[-887,-899,912,913]],"type":"Polygon","properties":{"key":"Nagaland|Longleng","district":"Longleng","st_nm":"Nagaland","dt_code":"268"}},{"arcs":[[-888,-914,914,915,916,-891]],"type":"Polygon","properties":{"key":"Nagaland|Mokokchung","district":"Mokokchung","st_nm":"Nagaland","dt_code":"262"}},{"arcs":[[-904,917,918,919,920]],"type":"Polygon","properties":{"key":"Assam|Udalguri","district":"Udalguri","st_nm":"Assam","dt_code":"326"}},{"arcs":[[921,922,923,924,925]],"type":"Polygon","properties":{"key":"Assam|Chirang","district":"Chirang","st_nm":"Assam","dt_code":"320"}},{"arcs":[[-919,926,927,928,929,-926,930]],"type":"Polygon","properties":{"key":"Assam|Baksa","district":"Baksa","st_nm":"Assam","dt_code":"324"}},{"arcs":[[-901,931,-911,932,933,934,935]],"type":"Polygon","properties":{"key":"Assam|Nagaon","district":"Nagaon","st_nm":"Assam","dt_code":"305"}},{"arcs":[[-924,936,937,938,939,940]],"type":"Polygon","properties":{"key":"Assam|Kokrajhar","district":"Kokrajhar","st_nm":"Assam","dt_code":"300"}},{"arcs":[[-903,941,942,943,-927,-918]],"type":"Polygon","properties":{"key":"Assam|Darrang","district":"Darrang","st_nm":"Assam","dt_code":"325"}},{"arcs":[[-898,944,945,946,-915,-913]],"type":"Polygon","properties":{"key":"Nagaland|Tuensang","district":"Tuensang","st_nm":"Nagaland","dt_code":"267"}},{"arcs":[[-922,-930,947,948,949,950]],"type":"Polygon","properties":{"key":"Assam|Barpeta","district":"Barpeta","st_nm":"Assam","dt_code":"303"}},{"arcs":[[-929,951,-948]],"type":"Polygon","properties":{"key":"Assam|Nalbari","district":"Nalbari","st_nm":"Assam","dt_code":"323"}},{"arcs":[[-902,-936,952,953,954,-942]],"type":"Polygon","properties":{"key":"Assam|Morigaon","district":"Morigaon","st_nm":"Assam","dt_code":"304"}},{"arcs":[[-928,-944,955,956,957,958,959,-949,-952]],"type":"Polygon","properties":{"key":"Assam|Kamrup","district":"Kamrup","st_nm":"Assam","dt_code":"321"}},{"arcs":[[-923,-951,960,961,-937]],"type":"Polygon","properties":{"key":"Assam|Bongaigaon","district":"Bongaigaon","st_nm":"Assam","dt_code":"319"}},{"arcs":[[-938,-962,962,963,964,965]],"type":"Polygon","properties":{"key":"Assam|Dhubri","district":"Dhubri","st_nm":"Assam","dt_code":"301"}},{"arcs":[[-943,-955,966,-956]],"type":"Polygon","properties":{"key":"Assam|Kamrup Metropolitan","district":"Kamrup Metropolitan","st_nm":"Assam","dt_code":"322"}},{"arcs":[[-946,967,968,969]],"type":"Polygon","properties":{"key":"Nagaland|Kiphire","district":"Kiphire","st_nm":"Nagaland","dt_code":"269"}},{"arcs":[[-950,-960,970,971,972,-963,-961]],"type":"Polygon","properties":{"key":"Assam|Goalpara","district":"Goalpara","st_nm":"Assam","dt_code":"302"}},{"arcs":[[-954,973,974,975,976,-957,-967]],"type":"Polygon","properties":{"key":"Meghalaya|Ribhoi","district":"Ribhoi","st_nm":"Meghalaya","dt_code":"297"}},{"arcs":[[977,978,979,980,981,982,983,984]],"type":"Polygon","properties":{"key":"Assam|Dima Hasao","district":"Dima Hasao","st_nm":"Assam","dt_code":"315"}},{"arcs":[[985,986,987,988]],"type":"Polygon","properties":{"key":"Manipur|Kamjong","district":"Kamjong","st_nm":"Manipur","dt_code":"770"}},{"arcs":[[-958,-977,989,990,991,992,993]],"type":"Polygon","properties":{"key":"Meghalaya|West Khasi Hills","district":"West Khasi Hills","st_nm":"Meghalaya","dt_code":"296"}},{"arcs":[[-980,994,995,996,997,998]],"type":"Polygon","properties":{"key":"Nagaland|Peren","district":"Peren","st_nm":"Nagaland","dt_code":"271"}},{"arcs":[[-998,999,1000,1001,1002,1003]],"type":"Polygon","properties":{"key":"Manipur|Senapati","district":"Senapati","st_nm":"Manipur","dt_code":"272"}},{"arcs":[[-983,1004,1005,1006]],"type":"Polygon","properties":{"key":"Meghalaya|East Jaintia Hills","district":"East Jaintia Hills","st_nm":"Meghalaya","dt_code":"714"}},{"arcs":[[-976,1007,1008,1009,-990]],"type":"Polygon","properties":{"key":"Meghalaya|East Khasi Hills","district":"East Khasi Hills","st_nm":"Meghalaya","dt_code":"298"}},{"arcs":[[-981,-999,-1004,1010,1011,1012,1013]],"type":"Polygon","properties":{"key":"Manipur|Tamenglong","district":"Tamenglong","st_nm":"Manipur","dt_code":"273"}},{"arcs":[[-992,1014,1015,1016,1017]],"type":"Polygon","properties":{"key":"Meghalaya|South Garo Hills","district":"South Garo Hills","st_nm":"Meghalaya","dt_code":"295"}},{"arcs":[[-5,-17,1018,1019,1020,-1005,-982,-1014,1021,1022]],"type":"Polygon","properties":{"key":"Assam|Cachar","district":"Cachar","st_nm":"Assam","dt_code":"316"}},{"arcs":[[1023,1024,1025,1026,1027]],"type":"Polygon","properties":{"key":"Manipur|Imphal West","district":"Imphal West","st_nm":"Manipur","dt_code":"277"}},{"arcs":[[-28,1028,1029,-1020,1030]],"type":"Polygon","properties":{"key":"Assam|Karimganj","district":"Karimganj","st_nm":"Assam","dt_code":"317"}},{"arcs":[[-16,-29,-1031,-1019]],"type":"Polygon","properties":{"key":"Assam|Hailakandi","district":"Hailakandi","st_nm":"Assam","dt_code":"318"}},{"arcs":[[-1026,1031,1032,1033,1034,1035]],"type":"Polygon","properties":{"key":"Manipur|Kakching","district":"Kakching","st_nm":"Manipur","dt_code":"768"}},{"arcs":[[-1027,-1036,1036,1037,1038]],"type":"Polygon","properties":{"key":"Manipur|Bishnupur","district":"Bishnupur","st_nm":"Manipur","dt_code":"275"}},{"arcs":[[-1034,1039,1040,1041]],"type":"Polygon","properties":{"key":"Manipur|Chandel","district":"Chandel","st_nm":"Manipur","dt_code":"280"}},{"arcs":[[-1035,-1042,1042,1043,1044,-1037]],"type":"Polygon","properties":{"key":"Manipur|Churachandpur","district":"Churachandpur","st_nm":"Manipur","dt_code":"274"}},{"arcs":[[-27,1045,1046,1047,1048,-1029]],"type":"Polygon","properties":{"key":"Tripura|North Tripura","district":"North Tripura","st_nm":"Tripura","dt_code":"292"}},{"arcs":[[-1047,1049,1050,1051,1052,1053]],"type":"Polygon","properties":{"key":"Tripura|Dhalai","district":"Dhalai","st_nm":"Tripura","dt_code":"291"}},{"arcs":[[1054,1055,1056,1057,1058]],"type":"Polygon","properties":{"key":"Tripura|Sipahijala","district":"Sipahijala","st_nm":"Tripura","dt_code":"707"}},{"arcs":[[-1051,1059,1060,-1059,1061]],"type":"Polygon","properties":{"key":"Tripura|Gomati","district":"Gomati","st_nm":"Tripura","dt_code":"709"}},{"arcs":[[-892,-917,1062,1063,1064,-908]],"type":"Polygon","properties":{"key":"Nagaland|Wokha","district":"Wokha","st_nm":"Nagaland","dt_code":"264"}},{"arcs":[[-916,-947,-970,1065,1066,-1063]],"type":"Polygon","properties":{"key":"Nagaland|Zunheboto","district":"Zunheboto","st_nm":"Nagaland","dt_code":"263"}},{"arcs":[[-969,1067,1068,-1001,1069,-1066]],"type":"Polygon","properties":{"key":"Nagaland|Phek","district":"Phek","st_nm":"Nagaland","dt_code":"266"}},{"arcs":[[-972,1070,1071,-1017,1072,1073,1074]],"type":"Polygon","properties":{"key":"Meghalaya|West Garo Hills","district":"West Garo Hills","st_nm":"Meghalaya","dt_code":"293"}},{"arcs":[[-993,-1018,-1072,1075]],"type":"Polygon","properties":{"key":"Meghalaya|East Garo Hills","district":"East Garo Hills","st_nm":"Meghalaya","dt_code":"294"}},{"arcs":[[-997,1076,-1064,-1067,-1070,-1000]],"type":"Polygon","properties":{"key":"Nagaland|Kohima","district":"Kohima","st_nm":"Nagaland","dt_code":"270"}},{"arcs":[[-909,-1065,-1077,-996,1077]],"type":"Polygon","properties":{"key":"Nagaland|Dimapur","district":"Dimapur","st_nm":"Nagaland","dt_code":"265"}},{"arcs":[[-850,-857,1078,1079,1080,1081]],"type":"Polygon","properties":{"key":"Arunachal Pradesh|East Siang","district":"East Siang","st_nm":"Arunachal Pradesh","dt_code":"251"}},{"arcs":[[-842,-861,1082,-852,1083]],"type":"Polygon","properties":{"key":"Arunachal Pradesh|Lohit","district":"Lohit","st_nm":"Arunachal Pradesh","dt_code":"259"}},{"arcs":[[-838,1084,-876,1085,1086]],"type":"Polygon","properties":{"key":"Arunachal Pradesh|Kurung Kumey","district":"Kurung Kumey","st_nm":"Arunachal Pradesh","dt_code":"256"}},{"arcs":[[-878,1087,1088]],"type":"Polygon","properties":{"key":"Arunachal Pradesh|Lower Subansiri","district":"Lower Subansiri","st_nm":"Arunachal Pradesh","dt_code":"255"}},{"arcs":[[-869,1089,-1086,-875,1090,1091]],"type":"Polygon","properties":{"key":"Arunachal Pradesh|East Kameng","district":"East Kameng","st_nm":"Arunachal Pradesh","dt_code":"247"}},{"arcs":[[-870,-1092,1092,-905,-921,1093]],"type":"Polygon","properties":{"key":"Arunachal Pradesh|West Kameng","district":"West Kameng","st_nm":"Arunachal Pradesh","dt_code":"246"}},{"arcs":[[-975,1094,-984,-1007,1095,-1008]],"type":"Polygon","properties":{"key":"Meghalaya|West Jaintia Hills","district":"West Jaintia Hills","st_nm":"Meghalaya","dt_code":"299"}},{"arcs":[[-991,-1010,1096,-1015]],"type":"Polygon","properties":{"key":"Meghalaya|South West Khasi Hills","district":"South West Khasi Hills","st_nm":"Meghalaya","dt_code":"713"}},{"arcs":[[-959,-994,-1076,-1071,-971]],"type":"Polygon","properties":{"key":"Meghalaya|North Garo Hills","district":"North Garo Hills","st_nm":"Meghalaya","dt_code":"712"}},{"arcs":[[-1074,1097,1098]],"type":"Polygon","properties":{"key":"Meghalaya|South West Garo Hills","district":"South West Garo Hills","st_nm":"Meghalaya","dt_code":"711"}},{"arcs":[[-1052,-1062,-1058,1099,1100]],"type":"Polygon","properties":{"key":"Tripura|Khowai","district":"Khowai","st_nm":"Tripura","dt_code":"708"}},{"arcs":[[-1057,1101,-1100]],"type":"Polygon","properties":{"key":"Tripura|West Tripura","district":"West Tripura","st_nm":"Tripura","dt_code":"289"}},{"arcs":[[-1055,-1061,1102]],"type":"Polygon","properties":{"key":"Tripura|South Tripura","district":"South Tripura","st_nm":"Tripura","dt_code":"290"}},{"arcs":[[-1048,-1054,1103]],"type":"Polygon","properties":{"key":"Tripura|Unokoti","district":"Unokoti","st_nm":"Tripura","dt_code":"710"}},{"arcs":[[-864,1104,-895,-885]],"type":"Polygon","properties":{"key":"Assam|Charaideo","district":"Charaideo","st_nm":"Assam","dt_code":"755"}},{"arcs":[[-866,-890,-894,-907,-879]],"type":"Polygon","properties":{"key":"Assam|Majuli","district":"Majuli","st_nm":"Assam","dt_code":"760"}},{"arcs":[[-873,-881,-912,-932,-900,1105]],"type":"Polygon","properties":{"key":"Assam|Biswanath","district":"Biswanath","st_nm":"Assam","dt_code":"756"}},{"arcs":[[-934,1106,-978,1107]],"type":"Polygon","properties":{"key":"Assam|Hojai","district":"Hojai","st_nm":"Assam","dt_code":"757"}},{"arcs":[[-964,-973,-1075,-1099,1108]],"type":"Polygon","properties":{"key":"Assam|South Salmara Mankachar","district":"South Salmara Mankachar","st_nm":"Assam","dt_code":"758"}},{"arcs":[[-910,-1078,-995,-979,-1107,-933]],"type":"Polygon","properties":{"key":"Assam|Karbi Anglong","district":"Karbi Anglong","st_nm":"Assam","dt_code":"314"}},{"arcs":[[-935,-1108,-985,-1095,-974,-953]],"type":"Polygon","properties":{"key":"Assam|West Karbi Anglong","district":"West Karbi Anglong","st_nm":"Assam","dt_code":"759"}},{"arcs":[[-837,1109,-1088,-877,-1085]],"type":"Polygon","properties":{"key":"Arunachal Pradesh|Kra Daadi","district":"Kra Daadi","st_nm":"Arunachal Pradesh","dt_code":"763"}},{"arcs":[[-845,-1083,-860]],"type":"Polygon","properties":{"key":"Arunachal Pradesh|Namsai","district":"Namsai","st_nm":"Arunachal Pradesh","dt_code":"762"}},{"arcs":[[-863,-884,1110,-896,-1105]],"type":"Polygon","properties":{"key":"Arunachal Pradesh|Longding","district":"Longding","st_nm":"Arunachal Pradesh","dt_code":"761"}},{"arcs":[[-1024,1111,1112]],"type":"Polygon","properties":{"key":"Manipur|Imphal East","district":"Imphal East","st_nm":"Manipur","dt_code":"278"}},{"arcs":[[-1013,1113,1114,-1022]],"type":"Polygon","properties":{"key":"Manipur|Jiribam","district":"Jiribam","st_nm":"Manipur","dt_code":"766"}},{"arcs":[[-986,1115,1116,-1112,-1028,-1039,1117,-1011,-1003,1118]],"type":"Polygon","properties":{"key":"Manipur|Kangpokpi","district":"Kangpokpi","st_nm":"Manipur","dt_code":"767"}},{"arcs":[[-1025,-1113,-1117,1119,-1032]],"type":"Polygon","properties":{"key":"Manipur|Thoubal","district":"Thoubal","st_nm":"Manipur","dt_code":"276"}},{"arcs":[[-989,1120,-1040,-1033,-1120,-1116]],"type":"Polygon","properties":{"key":"Manipur|Tengnoupal","district":"Tengnoupal","st_nm":"Manipur","dt_code":"769"}},{"arcs":[[-987,-1119,-1002,-1069,1121]],"type":"Polygon","properties":{"key":"Manipur|Ukhrul","district":"Ukhrul","st_nm":"Manipur","dt_code":"279"}},{"arcs":[[-1012,-1118,-1038,-1045,1122,-1114]],"type":"Polygon","properties":{"key":"Manipur|Noney","district":"Noney","st_nm":"Manipur","dt_code":"771"}},{"arcs":[[-6,-1023,-1115,-1123,-1044,1123,-9]],"type":"Polygon","properties":{"key":"Manipur|Pherzawl","district":"Pherzawl","st_nm":"Manipur","dt_code":"772"}},{"arcs":[[-1081,1124,1125,1126,1127,1128]],"type":"Polygon","properties":{"key":"Arunachal Pradesh|Upper Siang","district":"Upper Siang","st_nm":"Arunachal Pradesh","dt_code":"252"}},{"arcs":[[-835,1129,1130,1131,-1079,-856,1132]],"type":"Polygon","properties":{"key":"Arunachal Pradesh|Lower Siang","district":"Lower Siang","st_nm":"Arunachal Pradesh","dt_code":"779"}},{"arcs":[[-1128,1133,1134]],"type":"Polygon","properties":{"key":"Arunachal Pradesh|Upper Dibang Valley","district":"Upper Dibang Valley","st_nm":"Arunachal Pradesh","dt_code":"257"}},{"arcs":[[-843,-1084,-851,-1082,-1129,-1135,1135]],"type":"Polygon","properties":{"key":"Arunachal Pradesh|Lower Dibang Valley","district":"Lower Dibang Valley","st_nm":"Arunachal Pradesh","dt_code":"258"}},{"arcs":[[-1080,-1132,1136,1137,-1125]],"type":"Polygon","properties":{"key":"Arunachal Pradesh|Siang","district":"Siang","st_nm":"Arunachal Pradesh","dt_code":"764"}},{"arcs":[[-840,1138,-1126,-1138,1139]],"type":"Polygon","properties":{"key":"Arunachal Pradesh|Shi Yomi","district":"Shi Yomi","st_nm":"Arunachal Pradesh","dt_code":"785"}},{"arcs":[[-874,-1106,-906,-1093,-1091]],"type":"Polygon","properties":{"key":"Arunachal Pradesh|Pakke Kessang","district":"Pakke Kessang","st_nm":"Arunachal Pradesh","dt_code":"783"}},{"arcs":[[-833,-1140,-1137,-1131,1140]],"type":"Polygon","properties":{"key":"Arunachal Pradesh|West Siang","district":"West Siang","st_nm":"Arunachal Pradesh","dt_code":"250"}},{"arcs":[[-834,-1141,-1130]],"type":"Polygon","properties":{"key":"Arunachal Pradesh|Lepa Rada","district":"Lepa Rada","st_nm":"Arunachal Pradesh","dt_code":"784"}},{"arcs":[[-836,-1133,-855,-882,-871,-1089,-1110]],"type":"Polygon","properties":{"key":"Arunachal Pradesh|Kamle","district":"Kamle","st_nm":"Arunachal Pradesh","dt_code":"778"}},{"arcs":[[1141]],"type":"Polygon","properties":{"key":"Andaman and Nicobar Islands|North and Middle Andaman","district":"North and Middle Andaman","st_nm":"Andaman and Nicobar Islands","dt_code":"639"}},{"arcs":[[[1142]],[[1143]],[[1144]]],"type":"MultiPolygon","properties":{"key":"Andaman and Nicobar Islands|South Andaman","district":"South Andaman","st_nm":"Andaman and Nicobar Islands","dt_code":"640"}},{"arcs":[[[1145]],[[1146]],[[1147]]],"type":"MultiPolygon","properties":{"key":"Andaman and Nicobar Islands|Nicobars","district":"Nicobars","st_nm":"Andaman and Nicobar Islands","dt_code":"638"}},{"arcs":[[1148,1149,1150,1151,1152,1153]],"type":"Polygon","properties":{"key":"Uttar Pradesh|Amroha","district":"Amroha","st_nm":"Uttar Pradesh","dt_code":"137"}},{"arcs":[[1154,1155,1156,1157,1158,1159]],"type":"Polygon","properties":{"key":"Rajasthan|Churu","district":"Churu","st_nm":"Rajasthan","dt_code":"102"}},{"arcs":[[-1153,1160,1161,1162,1163]],"type":"Polygon","properties":{"key":"Uttar Pradesh|Hapur","district":"Hapur","st_nm":"Uttar Pradesh","dt_code":"705"}},{"arcs":[[1164,1165,1166,1167,1168,1169,1170]],"type":"Polygon","properties":{"key":"Delhi|Delhi","district":"Delhi","st_nm":"Delhi","dt_code":null}},{"arcs":[[-1168,1171,1172,1173,1174,1175]],"type":"Polygon","properties":{"key":"Haryana|Jhajjar","district":"Jhajjar","st_nm":"Haryana","dt_code":"083"}},{"arcs":[[1176,1177,1178,1179,1180]],"type":"Polygon","properties":{"key":"Uttar Pradesh|Bareilly","district":"Bareilly","st_nm":"Uttar Pradesh","dt_code":"150"}},{"arcs":[[-1177,1181,1182,1183,1184]],"type":"Polygon","properties":{"key":"Uttar Pradesh|Pilibhit","district":"Pilibhit","st_nm":"Uttar Pradesh","dt_code":"151"}},{"arcs":[[-1152,1185,1186,1187,-1161]],"type":"Polygon","properties":{"key":"Uttar Pradesh|Bulandshahr","district":"Bulandshahr","st_nm":"Uttar Pradesh","dt_code":"142"}},{"arcs":[[-1162,-1188,1188,1189,1190,-1165,1191]],"type":"Polygon","properties":{"key":"Uttar Pradesh|Gautam Buddha Nagar","district":"Gautam Buddha Nagar","st_nm":"Uttar Pradesh","dt_code":"141"}},{"arcs":[[-1184,1192,1193,1194,1195,1196]],"type":"Polygon","properties":{"key":"Uttar Pradesh|Lakhimpur Kheri","district":"Lakhimpur Kheri","st_nm":"Uttar Pradesh","dt_code":"153"}},{"arcs":[[-1156,1197,1198,1199]],"type":"Polygon","properties":{"key":"Rajasthan|Jhunjhunu","district":"Jhunjhunu","st_nm":"Rajasthan","dt_code":"103"}},{"arcs":[[-1167,1200,1201,1202,1203,-1172]],"type":"Polygon","properties":{"key":"Haryana|Gurugram","district":"Gurugram","st_nm":"Haryana","dt_code":"086"}},{"arcs":[[-1166,-1191,1204,-1201]],"type":"Polygon","properties":{"key":"Haryana|Faridabad","district":"Faridabad","st_nm":"Haryana","dt_code":"088"}},{"arcs":[[-1199,1205,1206,1207,1208,1209,1210]],"type":"Polygon","properties":{"key":"Haryana|Mahendragarh","district":"Mahendragarh","st_nm":"Haryana","dt_code":"084"}},{"arcs":[[-1173,-1204,1211,1212,-1208,1213]],"type":"Polygon","properties":{"key":"Haryana|Rewari","district":"Rewari","st_nm":"Haryana","dt_code":"085"}},{"arcs":[[-1179,1214,1215,1216,1217,1218,1219,1220]],"type":"Polygon","properties":{"key":"Uttar Pradesh|Budaun","district":"Budaun","st_nm":"Uttar Pradesh","dt_code":"149"}},{"arcs":[[1221,1222,1223,1224]],"type":"Polygon","properties":{"key":"Rajasthan|Jaisalmer","district":"Jaisalmer","st_nm":"Rajasthan","dt_code":"114"}},{"arcs":[[-1194,1225,1226,1227,1228,1229]],"type":"Polygon","properties":{"key":"Uttar Pradesh|Bahraich","district":"Bahraich","st_nm":"Uttar Pradesh","dt_code":"180"}},{"arcs":[[-1203,1230,1231,1232,1233,-1212]],"type":"Polygon","properties":{"key":"Haryana|Nuh","district":"Nuh","st_nm":"Haryana","dt_code":"087"}},{"arcs":[[-1178,-1185,-1197,1234,1235,-1215]],"type":"Polygon","properties":{"key":"Uttar Pradesh|Shahjahanpur","district":"Shahjahanpur","st_nm":"Uttar Pradesh","dt_code":"152"}},{"arcs":[[-1157,-1200,-1211,1236,1237]],"type":"Polygon","properties":{"key":"Rajasthan|Sikar","district":"Sikar","st_nm":"Rajasthan","dt_code":"111"}},{"arcs":[[-1190,1238,1239,-1231,-1202,-1205]],"type":"Polygon","properties":{"key":"Haryana|Palwal","district":"Palwal","st_nm":"Haryana","dt_code":"089"}},{"arcs":[[-1209,-1213,-1234,1240,1241,1242]],"type":"Polygon","properties":{"key":"Rajasthan|Alwar","district":"Alwar","st_nm":"Rajasthan","dt_code":"104"}},{"arcs":[[1243,1244,1245,1246]],"type":"Polygon","properties":{"key":"Sikkim|North Sikkim","district":"North Sikkim","st_nm":"Sikkim","dt_code":"241"}},{"arcs":[[-1187,1247,-1218,1248,1249,1250,-1239,-1189]],"type":"Polygon","properties":{"key":"Uttar Pradesh|Aligarh","district":"Aligarh","st_nm":"Uttar Pradesh","dt_code":"143"}},{"arcs":[[-1217,1251,1252,1253,-1249]],"type":"Polygon","properties":{"key":"Uttar Pradesh|Kasganj","district":"Kasganj","st_nm":"Uttar Pradesh","dt_code":"202"}},{"arcs":[[-1232,-1240,-1251,1254,1255,1256]],"type":"Polygon","properties":{"key":"Uttar Pradesh|Mathura","district":"Mathura","st_nm":"Uttar Pradesh","dt_code":"145"}},{"arcs":[[-1210,-1243,1257,1258,1259,1260,-1237]],"type":"Polygon","properties":{"key":"Rajasthan|Jaipur","district":"Jaipur","st_nm":"Rajasthan","dt_code":"110"}},{"arcs":[[-1227,1261,1262,1263]],"type":"Polygon","properties":{"key":"Uttar Pradesh|Shrawasti","district":"Shrawasti","st_nm":"Uttar Pradesh","dt_code":"181"}},{"arcs":[[-1223,1264,1265,1266,1267]],"type":"Polygon","properties":{"key":"Rajasthan|Jodhpur","district":"Jodhpur","st_nm":"Rajasthan","dt_code":"113"}},{"arcs":[[-1195,-1230,1268,1269,1270]],"type":"Polygon","properties":{"key":"Uttar Pradesh|Sitapur","district":"Sitapur","st_nm":"Uttar Pradesh","dt_code":"154"}},{"arcs":[[-1233,-1257,1271,1272,1273,1274,-1241]],"type":"Polygon","properties":{"key":"Rajasthan|Bharatpur","district":"Bharatpur","st_nm":"Rajasthan","dt_code":"105"}},{"arcs":[[-1250,-1254,1275,1276,-1255]],"type":"Polygon","properties":{"key":"Uttar Pradesh|Hathras","district":"Hathras","st_nm":"Uttar Pradesh","dt_code":"144"}},{"arcs":[[-1158,-1238,-1261,1277,1278,-1266,1279]],"type":"Polygon","properties":{"key":"Rajasthan|Nagaur","district":"Nagaur","st_nm":"Rajasthan","dt_code":"112"}},{"arcs":[[-1253,1280,1281,1282,1283,-1276]],"type":"Polygon","properties":{"key":"Uttar Pradesh|Etah","district":"Etah","st_nm":"Uttar Pradesh","dt_code":"201"}},{"arcs":[[-1196,-1271,1284,1285,1286,1287,1288,-1235]],"type":"Polygon","properties":{"key":"Uttar Pradesh|Hardoi","district":"Hardoi","st_nm":"Uttar Pradesh","dt_code":"155"}},{"arcs":[[-1216,-1236,-1289,1289,1290,-1281,-1252]],"type":"Polygon","properties":{"key":"Uttar Pradesh|Farrukhabad","district":"Farrukhabad","st_nm":"Uttar Pradesh","dt_code":"159"}},{"arcs":[[-1245,1291,1292,1293]],"type":"Polygon","properties":{"key":"Sikkim|West Sikkim","district":"West Sikkim","st_nm":"Sikkim","dt_code":"242"}},{"arcs":[[-1244,1294,1295,1296,-1292]],"type":"Polygon","properties":{"key":"Sikkim|South Sikkim","district":"South Sikkim","st_nm":"Sikkim","dt_code":"243"}},{"arcs":[[-1247,1297,1298,-1295]],"type":"Polygon","properties":{"key":"Sikkim|East Sikkim","district":"East Sikkim","st_nm":"Sikkim","dt_code":"244"}},{"arcs":[[-1283,1299,1300,1301]],"type":"Polygon","properties":{"key":"Uttar Pradesh|Firozabad","district":"Firozabad","st_nm":"Uttar Pradesh","dt_code":"147"}},{"arcs":[[1302,1303,1304,1305,1306]],"type":"Polygon","properties":{"key":"Bihar|West Champaran","district":"West Champaran","st_nm":"Bihar","dt_code":"203"}},{"arcs":[[1307,1308,1309,1310,1311,1312,1313]],"type":"Polygon","properties":{"key":"Uttar Pradesh|Siddharthnagar","district":"Siddharthnagar","st_nm":"Uttar Pradesh","dt_code":"184"}},{"arcs":[[-1282,-1291,1314,1315,-1300]],"type":"Polygon","properties":{"key":"Uttar Pradesh|Mainpuri","district":"Mainpuri","st_nm":"Uttar Pradesh","dt_code":"148"}},{"arcs":[[-1305,1316,1317,-1314,1318]],"type":"Polygon","properties":{"key":"Uttar Pradesh|Maharajganj","district":"Maharajganj","st_nm":"Uttar Pradesh","dt_code":"187"}},{"arcs":[[-1256,-1277,-1284,-1302,1319,1320,1321,1322,-1272]],"type":"Polygon","properties":{"key":"Uttar Pradesh|Agra","district":"Agra","st_nm":"Uttar Pradesh","dt_code":"146"}},{"arcs":[[-1228,-1264,1323,-1311,1324,1325,1326]],"type":"Polygon","properties":{"key":"Uttar Pradesh|Gonda","district":"Gonda","st_nm":"Uttar Pradesh","dt_code":"183"}},{"arcs":[[-1229,-1327,1327,1328,1329,1330,-1269]],"type":"Polygon","properties":{"key":"Uttar Pradesh|Barabanki","district":"Barabanki","st_nm":"Uttar Pradesh","dt_code":"176"}},{"arcs":[[-1293,-1297,1331,1332,1333,1334,1335,1336]],"type":"Polygon","properties":{"key":"West Bengal|Darjeeling","district":"Darjeeling","st_nm":"West Bengal","dt_code":"327"}},{"arcs":[[-1242,-1275,1337,1338,1339,-1258]],"type":"Polygon","properties":{"key":"Rajasthan|Dausa","district":"Dausa","st_nm":"Rajasthan","dt_code":"109"}},{"arcs":[[-1304,1340,1341,1342,-1317]],"type":"Polygon","properties":{"key":"Uttar Pradesh|Kushinagar","district":"Kushinagar","st_nm":"Uttar Pradesh","dt_code":"189"}},{"arcs":[[-1288,1343,1344,1345,1346,-1315,-1290]],"type":"Polygon","properties":{"key":"Uttar Pradesh|Kannauj","district":"Kannauj","st_nm":"Uttar Pradesh","dt_code":"160"}},{"arcs":[[-1270,-1331,1347,1348,-1285]],"type":"Polygon","properties":{"key":"Uttar Pradesh|Lucknow","district":"Lucknow","st_nm":"Uttar Pradesh","dt_code":"157"}},{"arcs":[[-1333,1349,1350,1351,1352,1353]],"type":"Polygon","properties":{"key":"West Bengal|Jalpaiguri","district":"Jalpaiguri","st_nm":"West Bengal","dt_code":"328"}},{"arcs":[[-1310,1354,1355,1356,-1325]],"type":"Polygon","properties":{"key":"Uttar Pradesh|Basti","district":"Basti","st_nm":"Uttar Pradesh","dt_code":"185"}},{"arcs":[[-1308,-1318,-1343,1357,1358,1359,1360,1361]],"type":"Polygon","properties":{"key":"Uttar Pradesh|Gorakhpur","district":"Gorakhpur","st_nm":"Uttar Pradesh","dt_code":"188"}},{"arcs":[[-1309,-1362,1362,-1355]],"type":"Polygon","properties":{"key":"Uttar Pradesh|Sant Kabir Nagar","district":"Sant Kabir Nagar","st_nm":"Uttar Pradesh","dt_code":"186"}},{"arcs":[[-1274,1363,1364,1365,1366,-1338]],"type":"Polygon","properties":{"key":"Rajasthan|Karauli","district":"Karauli","st_nm":"Rajasthan","dt_code":"107"}},{"arcs":[[-1307,1367,1368,1369,1370,1371]],"type":"Polygon","properties":{"key":"Bihar|East Champaran","district":"East Champaran","st_nm":"Bihar","dt_code":"204"}},{"arcs":[[-1286,-1349,1372,1373,1374]],"type":"Polygon","properties":{"key":"Uttar Pradesh|Unnao","district":"Unnao","st_nm":"Uttar Pradesh","dt_code":"156"}},{"arcs":[[-1301,-1316,-1347,1375,1376,1377,-1320]],"type":"Polygon","properties":{"key":"Uttar Pradesh|Etawah","district":"Etawah","st_nm":"Uttar Pradesh","dt_code":"161"}},{"arcs":[[-1273,-1323,1378,-1364]],"type":"Polygon","properties":{"key":"Rajasthan|Dholpur","district":"Dholpur","st_nm":"Rajasthan","dt_code":"106"}},{"arcs":[[-1287,-1375,1379,1380,1381,-1344]],"type":"Polygon","properties":{"key":"Uttar Pradesh|Kanpur Nagar","district":"Kanpur Nagar","st_nm":"Uttar Pradesh","dt_code":"164"}},{"arcs":[[-1346,1382,1383,-1376]],"type":"Polygon","properties":{"key":"Uttar Pradesh|Auraiya","district":"Auraiya","st_nm":"Uttar Pradesh","dt_code":"162"}},{"arcs":[[-1322,1384,1385,1386,1387,-1365,-1379]],"type":"Polygon","properties":{"key":"Madhya Pradesh|Morena","district":"Morena","st_nm":"Madhya Pradesh","dt_code":"419"}},{"arcs":[[-1224,-1268,1388,1389,1390,1391]],"type":"Polygon","properties":{"key":"Rajasthan|Barmer","district":"Barmer","st_nm":"Rajasthan","dt_code":"115"}},{"arcs":[[-1326,-1357,1392,1393,1394,-1328]],"type":"Polygon","properties":{"key":"Uttar Pradesh|Ayodhya","district":"Ayodhya","st_nm":"Uttar Pradesh","dt_code":"177"}},{"arcs":[[-1345,-1382,1395,1396,-1383]],"type":"Polygon","properties":{"key":"Uttar Pradesh|Kanpur Dehat","district":"Kanpur Dehat","st_nm":"Uttar Pradesh","dt_code":"163"}},{"arcs":[[-1321,-1378,1397,1398,1399,1400,-1385]],"type":"Polygon","properties":{"key":"Madhya Pradesh|Bhind","district":"Bhind","st_nm":"Madhya Pradesh","dt_code":"420"}},{"arcs":[[-1339,-1367,1401,1402,1403,1404]],"type":"Polygon","properties":{"key":"Rajasthan|Sawai Madhopur","district":"Sawai Madhopur","st_nm":"Rajasthan","dt_code":"108"}},{"arcs":[[-1342,1405,1406,1407,1408,-1358]],"type":"Polygon","properties":{"key":"Uttar Pradesh|Deoria","district":"Deoria","st_nm":"Uttar Pradesh","dt_code":"190"}},{"arcs":[[-1369,1409,1410,1411,1412,1413]],"type":"Polygon","properties":{"key":"Bihar|Sitamarhi","district":"Sitamarhi","st_nm":"Bihar","dt_code":"206"}},{"arcs":[[-1259,-1340,-1405,1414,1415,1416]],"type":"Polygon","properties":{"key":"Rajasthan|Tonk","district":"Tonk","st_nm":"Rajasthan","dt_code":"120"}},{"arcs":[[-1370,-1414,1417]],"type":"Polygon","properties":{"key":"Bihar|Sheohar","district":"Sheohar","st_nm":"Bihar","dt_code":"205"}},{"arcs":[[-1394,1418,1419,1420,1421,1422]],"type":"Polygon","properties":{"key":"Uttar Pradesh|Sultanpur","district":"Sultanpur","st_nm":"Uttar Pradesh","dt_code":"179"}},{"arcs":[[-1267,-1279,1423,1424,1425,1426,1427,1428,1429,-1389]],"type":"Polygon","properties":{"key":"Rajasthan|Pali","district":"Pali","st_nm":"Rajasthan","dt_code":"118"}},{"arcs":[[-1303,-1372,1430,1431,1432,-1406,-1341]],"type":"Polygon","properties":{"key":"Bihar|Gopalganj","district":"Gopalganj","st_nm":"Bihar","dt_code":"217"}},{"arcs":[[-1356,-1363,-1361,1433,-1419,-1393]],"type":"Polygon","properties":{"key":"Uttar Pradesh|Ambedkar Nagar","district":"Ambedkar Nagar","st_nm":"Uttar Pradesh","dt_code":"178"}},{"arcs":[[-1330,1434,1435,1436,-1373,-1348]],"type":"Polygon","properties":{"key":"Uttar Pradesh|Rae Bareli","district":"Rae Bareli","st_nm":"Uttar Pradesh","dt_code":"158"}},{"arcs":[[-1377,-1384,-1397,1437,1438,-1398]],"type":"Polygon","properties":{"key":"Uttar Pradesh|Jalaun","district":"Jalaun","st_nm":"Uttar Pradesh","dt_code":"165"}},{"arcs":[[-1360,1439,1440,1441,-1420,-1434]],"type":"Polygon","properties":{"key":"Uttar Pradesh|Azamgarh","district":"Azamgarh","st_nm":"Uttar Pradesh","dt_code":"191"}},{"arcs":[[-1386,-1401,1442,1443]],"type":"Polygon","properties":{"key":"Madhya Pradesh|Gwalior","district":"Gwalior","st_nm":"Madhya Pradesh","dt_code":"421"}},{"arcs":[[-1366,-1388,1444,1445,1446,-1402]],"type":"Polygon","properties":{"key":"Madhya Pradesh|Sheopur","district":"Sheopur","st_nm":"Madhya Pradesh","dt_code":"418"}},{"arcs":[[-1359,-1409,1447,1448,-1440]],"type":"Polygon","properties":{"key":"Uttar Pradesh|Mau","district":"Mau","st_nm":"Uttar Pradesh","dt_code":"192"}},{"arcs":[[-1374,-1437,1449,1450,1451,1452,-1380]],"type":"Polygon","properties":{"key":"Uttar Pradesh|Fatehpur","district":"Fatehpur","st_nm":"Uttar Pradesh","dt_code":"172"}},{"arcs":[[-1408,1453,1454,1455,1456,1457,-1448]],"type":"Polygon","properties":{"key":"Uttar Pradesh|Ballia","district":"Ballia","st_nm":"Uttar Pradesh","dt_code":"193"}},{"arcs":[[-1421,-1442,1458,1459,1460,1461,1462]],"type":"Polygon","properties":{"key":"Uttar Pradesh|Jaunpur","district":"Jaunpur","st_nm":"Uttar Pradesh","dt_code":"194"}},{"arcs":[[-1416,1463,1464,1465,1466,1467,1468,1469,1470]],"type":"Polygon","properties":{"key":"Rajasthan|Bhilwara","district":"Bhilwara","st_nm":"Rajasthan","dt_code":"122"}},{"arcs":[[1471,1472,1473,1474,1475,1476]],"type":"Polygon","properties":{"key":"Bihar|Samastipur","district":"Samastipur","st_nm":"Bihar","dt_code":"221"}},{"arcs":[[-1390,-1430,1477,1478,1479,1480,1481,1482,1483,1484,1485,1486,1487,1488,1489,1490,1491,1492,1493,1494,1495,1496,1497,1498]],"type":"Polygon","properties":{"key":"Rajasthan|Jalore","district":"Jalore","st_nm":"Rajasthan","dt_code":"116"}},{"arcs":[[-1404,1499,1500,-1464,-1415]],"type":"Polygon","properties":{"key":"Rajasthan|Bundi","district":"Bundi","st_nm":"Rajasthan","dt_code":"121"}},{"arcs":[[1501,1502,1503,1504,1505]],"type":"Polygon","properties":{"key":"Bihar|Katihar","district":"Katihar","st_nm":"Bihar","dt_code":"212"}},{"arcs":[[-1399,-1439,1506,1507,1508,1509,1510,1511,1512,1513,1514]],"type":"Polygon","properties":{"key":"Uttar Pradesh|Jhansi","district":"Jhansi","st_nm":"Uttar Pradesh","dt_code":"166"}},{"arcs":[[-1387,-1444,1515,-1514,1516,1517,1518,1519,1520,-1445]],"type":"Polygon","properties":{"key":"Madhya Pradesh|Shivpuri","district":"Shivpuri","st_nm":"Madhya Pradesh","dt_code":"423"}},{"arcs":[[-1403,-1447,1521,1522,1523,1524,-1500]],"type":"Polygon","properties":{"key":"Rajasthan|Kota","district":"Kota","st_nm":"Rajasthan","dt_code":"127"}},{"arcs":[[-1452,1525,1526,1527,1528,1529,1530]],"type":"Polygon","properties":{"key":"Uttar Pradesh|Banda","district":"Banda","st_nm":"Uttar Pradesh","dt_code":"170"}},{"arcs":[[-1441,-1449,-1458,1531,1532,1533,1534,-1459]],"type":"Polygon","properties":{"key":"Uttar Pradesh|Ghazipur","district":"Ghazipur","st_nm":"Uttar Pradesh","dt_code":"195"}},{"arcs":[[-1450,1535,1536,1537]],"type":"Polygon","properties":{"key":"Uttar Pradesh|Kaushambi","district":"Kaushambi","st_nm":"Uttar Pradesh","dt_code":"174"}},{"arcs":[[-1472,1538,1539,1540,1541,1542,1543]],"type":"Polygon","properties":{"key":"Bihar|Khagaria","district":"Khagaria","st_nm":"Bihar","dt_code":"223"}},{"arcs":[[-1456,1544,1545,1546,1547,1548]],"type":"Polygon","properties":{"key":"Bihar|Bhojpur","district":"Bhojpur","st_nm":"Bihar","dt_code":"231"}},{"arcs":[[-1462,1549,1550,1551,1552,-1537,1553]],"type":"Polygon","properties":{"key":"Uttar Pradesh|Prayagraj","district":"Prayagraj","st_nm":"Uttar Pradesh","dt_code":"175"}},{"arcs":[[-1457,-1549,1554,1555,-1532]],"type":"Polygon","properties":{"key":"Bihar|Buxar","district":"Buxar","st_nm":"Bihar","dt_code":"232"}},{"arcs":[[1556,1557,1558]],"type":"Polygon","properties":{"key":"West Bengal|Dakshin Dinajpur","district":"Dakshin Dinajpur","st_nm":"West Bengal","dt_code":"331"}},{"arcs":[[-1502,1559,-1558,1560,1561,1562]],"type":"Polygon","properties":{"key":"West Bengal|Malda","district":"Malda","st_nm":"West Bengal","dt_code":"332"}},{"arcs":[[-1510,1563,1564,1565]],"type":"Polygon","properties":{"key":"Madhya Pradesh|Tikamgarh","district":"Tikamgarh","st_nm":"Madhya Pradesh","dt_code":"424"}},{"arcs":[[-1460,-1535,1566,1567,1568]],"type":"Polygon","properties":{"key":"Uttar Pradesh|Varanasi","district":"Varanasi","st_nm":"Uttar Pradesh","dt_code":"197"}},{"arcs":[[-1412,1569,1570,-1539,-1477,1571]],"type":"Polygon","properties":{"key":"Bihar|Darbhanga","district":"Darbhanga","st_nm":"Bihar","dt_code":"215"}},{"arcs":[[-1540,-1571,1572,1573,1574]],"type":"Polygon","properties":{"key":"Bihar|Saharsa","district":"Saharsa","st_nm":"Bihar","dt_code":"214"}},{"arcs":[[-1429,1575,1576,1577,1578,1579,1580,1581,1582,1583,1584,1585,1586,-1478]],"type":"Polygon","properties":{"key":"Rajasthan|Sirohi","district":"Sirohi","st_nm":"Rajasthan","dt_code":"117"}},{"arcs":[[-1451,-1538,-1553,1587,1588,-1526]],"type":"Polygon","properties":{"key":"Uttar Pradesh|Chitrakoot","district":"Chitrakoot","st_nm":"Uttar Pradesh","dt_code":"171"}},{"arcs":[[-1534,1589,1590,1591,-1567]],"type":"Polygon","properties":{"key":"Uttar Pradesh|Chandauli","district":"Chandauli","st_nm":"Uttar Pradesh","dt_code":"196"}},{"arcs":[[-1461,-1569,1592,-1550]],"type":"Polygon","properties":{"key":"Uttar Pradesh|Bhadohi","district":"Bhadohi","st_nm":"Uttar Pradesh","dt_code":"198"}},{"arcs":[[-1446,-1521,1593,1594,-1522]],"type":"Polygon","properties":{"key":"Rajasthan|Baran","district":"Baran","st_nm":"Rajasthan","dt_code":"128"}},{"arcs":[[-1503,-1563,1595,1596,1597,1598]],"type":"Polygon","properties":{"key":"Jharkhand|Sahibganj","district":"Sahibganj","st_nm":"Jharkhand","dt_code":"352"}},{"arcs":[[-1533,-1556,1599,1600,-1590]],"type":"Polygon","properties":{"key":"Bihar|Kaimur","district":"Kaimur","st_nm":"Bihar","dt_code":"233"}},{"arcs":[[-1548,1601,1602,1603,1604,1605,-1600,-1555]],"type":"Polygon","properties":{"key":"Bihar|Rohtas","district":"Rohtas","st_nm":"Bihar","dt_code":"234"}},{"arcs":[[-1428,1606,1607,1608,1609,1610,1611,-1576]],"type":"Polygon","properties":{"key":"Rajasthan|Udaipur","district":"Udaipur","st_nm":"Rajasthan","dt_code":"130"}},{"arcs":[[-1598,1612,1613,1614,1615]],"type":"Polygon","properties":{"key":"Jharkhand|Godda","district":"Godda","st_nm":"Jharkhand","dt_code":"351"}},{"arcs":[[-1551,-1593,-1568,-1592,1616,1617,1618]],"type":"Polygon","properties":{"key":"Uttar Pradesh|Mirzapur","district":"Mirzapur","st_nm":"Uttar Pradesh","dt_code":"199"}},{"arcs":[[-1512,1619,-1565,1620,1621,1622,-1518,1623]],"type":"Polygon","properties":{"key":"Uttar Pradesh|Lalitpur","district":"Lalitpur","st_nm":"Uttar Pradesh","dt_code":"167"}},{"arcs":[[1624,1625,1626,1627,1628,1629,1630]],"type":"Polygon","properties":{"key":"Bihar|Jamui","district":"Jamui","st_nm":"Bihar","dt_code":"238"}},{"arcs":[[-1466,1631,1632,1633,1634]],"type":"Polygon","properties":{"key":"Madhya Pradesh|Neemuch","district":"Neemuch","st_nm":"Madhya Pradesh","dt_code":"432"}},{"arcs":[[-1615,1635,1636,-1625,1637,1638]],"type":"Polygon","properties":{"key":"Bihar|Banka","district":"Banka","st_nm":"Bihar","dt_code":"225"}},{"arcs":[[-1552,-1619,1639,1640,1641,-1588]],"type":"Polygon","properties":{"key":"Madhya Pradesh|Rewa","district":"Rewa","st_nm":"Madhya Pradesh","dt_code":"430"}},{"arcs":[[-1527,-1589,-1642,1642,1643,1644,1645,1646]],"type":"Polygon","properties":{"key":"Madhya Pradesh|Satna","district":"Satna","st_nm":"Madhya Pradesh","dt_code":"429"}},{"arcs":[[-1520,1647,1648,1649,1650,1651,-1594]],"type":"Polygon","properties":{"key":"Madhya Pradesh|Guna","district":"Guna","st_nm":"Madhya Pradesh","dt_code":"458"}},{"arcs":[[-1628,1652,1653,1654,1655,1656]],"type":"Polygon","properties":{"key":"Bihar|Nawada","district":"Nawada","st_nm":"Bihar","dt_code":"237"}},{"arcs":[[-1655,1657,1658,1659,1660,1661,1662,1663,1664]],"type":"Polygon","properties":{"key":"Bihar|Gaya","district":"Gaya","st_nm":"Bihar","dt_code":"236"}},{"arcs":[[-1519,-1623,1665,1666,-1648]],"type":"Polygon","properties":{"key":"Madhya Pradesh|Ashoknagar","district":"Ashoknagar","st_nm":"Madhya Pradesh","dt_code":"459"}},{"arcs":[[-1523,-1595,-1652,1667,1668,1669,1670]],"type":"Polygon","properties":{"key":"Rajasthan|Jhalawar","district":"Jhalawar","st_nm":"Rajasthan","dt_code":"129"}},{"arcs":[[-1562,1671,1672,1673,1674,1675,-1596]],"type":"Polygon","properties":{"key":"West Bengal|Murshidabad","district":"Murshidabad","st_nm":"West Bengal","dt_code":"333"}},{"arcs":[[-1591,-1601,-1606,1676,1677,1678,-1617]],"type":"Polygon","properties":{"key":"Uttar Pradesh|Sonbhadra","district":"Sonbhadra","st_nm":"Uttar Pradesh","dt_code":"200"}},{"arcs":[[-1597,-1676,1679,1680,-1613]],"type":"Polygon","properties":{"key":"Jharkhand|Pakur","district":"Pakur","st_nm":"Jharkhand","dt_code":"353"}},{"arcs":[[-1524,-1671,1681,1682,-1633,1683]],"type":"Polygon","properties":{"key":"Madhya Pradesh|Mandsaur","district":"Mandsaur","st_nm":"Madhya Pradesh","dt_code":"433"}},{"arcs":[[-1543,1684,-1638,-1631,1685,1686]],"type":"Polygon","properties":{"key":"Bihar|Munger","district":"Munger","st_nm":"Bihar","dt_code":"226"}},{"arcs":[[-1627,1687,1688,1689,1690,1691,1692,-1653]],"type":"Polygon","properties":{"key":"Jharkhand|Giridih","district":"Giridih","st_nm":"Jharkhand","dt_code":"349"}},{"arcs":[[-1614,-1681,1693,1694,1695,-1636]],"type":"Polygon","properties":{"key":"Jharkhand|Dumka","district":"Dumka","st_nm":"Jharkhand","dt_code":"362"}},{"arcs":[[-1618,-1679,1696,1697,1698,1699,-1640]],"type":"Polygon","properties":{"key":"Madhya Pradesh|Singrauli","district":"Singrauli","st_nm":"Madhya Pradesh","dt_code":"463"}},{"arcs":[[-1675,1700,1701,1702,-1694,-1680]],"type":"Polygon","properties":{"key":"West Bengal|Birbhum","district":"Birbhum","st_nm":"West Bengal","dt_code":"334"}},{"arcs":[[-1626,-1637,-1696,1703,-1688]],"type":"Polygon","properties":{"key":"Jharkhand|Deoghar","district":"Deoghar","st_nm":"Jharkhand","dt_code":"350"}},{"arcs":[[-1604,1704,-1661,1705,1706,1707]],"type":"Polygon","properties":{"key":"Jharkhand|Palamu","district":"Palamu","st_nm":"Jharkhand","dt_code":"358"}},{"arcs":[[-1641,-1700,1708,1709,-1643]],"type":"Polygon","properties":{"key":"Madhya Pradesh|Sidhi","district":"Sidhi","st_nm":"Madhya Pradesh","dt_code":"462"}},{"arcs":[[-1660,1710,1711,1712,-1706]],"type":"Polygon","properties":{"key":"Jharkhand|Chatra","district":"Chatra","st_nm":"Jharkhand","dt_code":"347"}},{"arcs":[[-1605,-1708,1713,1714,-1677]],"type":"Polygon","properties":{"key":"Jharkhand|Garhwa","district":"Garhwa","st_nm":"Jharkhand","dt_code":"346"}},{"arcs":[[-1622,1715,1716,1717,1718,1719,-1666]],"type":"Polygon","properties":{"key":"Madhya Pradesh|Sagar","district":"Sagar","st_nm":"Madhya Pradesh","dt_code":"427"}},{"arcs":[[1720,1721,1722,1723,1724,1725,1726,1727,1728,1729,1730,1731,1732,1733,1734,1735,1736,1737,1738,1739,1740,1741,1742,1743,1744,1745,1746,1747,1748,1749]],"type":"Polygon","properties":{"key":"Gujarat|Patan","district":"Patan","st_nm":"Gujarat","dt_code":"470"}},{"arcs":[[-1717,1750,1751,1752,1753,1754]],"type":"Polygon","properties":{"key":"Madhya Pradesh|Damoh","district":"Damoh","st_nm":"Madhya Pradesh","dt_code":"428"}},{"arcs":[[1755,1756,1757,1758,1759]],"type":"Polygon","properties":{"key":"Madhya Pradesh|Shajapur","district":"Shajapur","st_nm":"Madhya Pradesh","dt_code":"436"}},{"arcs":[[-1649,-1667,-1720,1760,1761]],"type":"Polygon","properties":{"key":"Madhya Pradesh|Vidisha","district":"Vidisha","st_nm":"Madhya Pradesh","dt_code":"443"}},{"arcs":[[-1747,1762,1763,1764,1765,1766,1767,1768,1769,1770,1771,1772,1773]],"type":"Polygon","properties":{"key":"Gujarat|Mehsana","district":"Mehsana","st_nm":"Gujarat","dt_code":"471"}},{"arcs":[[-1651,1774,1775,-1760,1776,-1668]],"type":"Polygon","properties":{"key":"Madhya Pradesh|Rajgarh","district":"Rajgarh","st_nm":"Madhya Pradesh","dt_code":"442"}},{"arcs":[[-1644,-1710,1777,1778,1779]],"type":"Polygon","properties":{"key":"Madhya Pradesh|Shahdol","district":"Shahdol","st_nm":"Madhya Pradesh","dt_code":"460"}},{"arcs":[[-1673,1780,1781,1782,1783]],"type":"Polygon","properties":{"key":"West Bengal|Nadia","district":"Nadia","st_nm":"West Bengal","dt_code":"336"}},{"arcs":[[-1689,-1704,-1695,-1703,1784,1785]],"type":"Polygon","properties":{"key":"Jharkhand|Jamtara","district":"Jamtara","st_nm":"Jharkhand","dt_code":"363"}},{"arcs":[[-1610,1786,1787,1788,1789]],"type":"Polygon","properties":{"key":"Rajasthan|Dungarpur","district":"Dungarpur","st_nm":"Rajasthan","dt_code":"124"}},{"arcs":[[-1646,1790,1791,-1753,1792]],"type":"Polygon","properties":{"key":"Madhya Pradesh|Katni","district":"Katni","st_nm":"Madhya Pradesh","dt_code":"450"}},{"arcs":[[-1690,-1786,1793,1794,1795]],"type":"Polygon","properties":{"key":"Jharkhand|Dhanbad","district":"Dhanbad","st_nm":"Jharkhand","dt_code":"354"}},{"arcs":[[-1788,1796,1797,1798,1799,1800]],"type":"Polygon","properties":{"key":"Rajasthan|Banswara","district":"Banswara","st_nm":"Rajasthan","dt_code":"125"}},{"arcs":[[-1645,-1780,1801,1802,1803,-1791]],"type":"Polygon","properties":{"key":"Madhya Pradesh|Umaria","district":"Umaria","st_nm":"Madhya Pradesh","dt_code":"431"}},{"arcs":[[-1707,-1713,1804,1805,1806,1807,-1714]],"type":"Polygon","properties":{"key":"Jharkhand|Latehar","district":"Latehar","st_nm":"Jharkhand","dt_code":"359"}},{"arcs":[[-1670,1808,1809,1810,-1798,1811,-1682]],"type":"Polygon","properties":{"key":"Madhya Pradesh|Ratlam","district":"Ratlam","st_nm":"Madhya Pradesh","dt_code":"434"}},{"arcs":[[-1691,-1796,1812,1813,1814]],"type":"Polygon","properties":{"key":"Jharkhand|Bokaro","district":"Bokaro","st_nm":"Jharkhand","dt_code":"355"}},{"arcs":[[-1814,1815,1816,1817]],"type":"Polygon","properties":{"key":"Jharkhand|Ramgarh","district":"Ramgarh","st_nm":"Jharkhand","dt_code":"361"}},{"arcs":[[-1650,-1762,1818,1819,-1775]],"type":"Polygon","properties":{"key":"Madhya Pradesh|Bhopal","district":"Bhopal","st_nm":"Madhya Pradesh","dt_code":"444"}},{"arcs":[[-1674,-1784,1820,1821,1822,-1701]],"type":"Polygon","properties":{"key":"West Bengal|Purba Bardhaman","district":"Purba Bardhaman","st_nm":"West Bengal","dt_code":"335"}},{"arcs":[[-826,1823,-1778,-1709,-1699,1824,1825]],"type":"Polygon","properties":{"key":"Chhattisgarh|Koriya","district":"Koriya","st_nm":"Chhattisgarh","dt_code":"400"}},{"arcs":[[-1758,1826,1827,1828,-1809,1829]],"type":"Polygon","properties":{"key":"Madhya Pradesh|Ujjain","district":"Ujjain","st_nm":"Madhya Pradesh","dt_code":"435"}},{"arcs":[[-1772,1830,1831,1832,1833]],"type":"Polygon","properties":{"key":"Gujarat|Gandhinagar","district":"Gandhinagar","st_nm":"Gujarat","dt_code":"473"}},{"arcs":[[-793,1834,-1773,-1834,1835,1836,1837,-808]],"type":"Polygon","properties":{"key":"Gujarat|Ahmedabad","district":"Ahmedabad","st_nm":"Gujarat","dt_code":"474"}},{"arcs":[[-1719,1838,1839,1840,-1819,-1761]],"type":"Polygon","properties":{"key":"Madhya Pradesh|Raisen","district":"Raisen","st_nm":"Madhya Pradesh","dt_code":"446"}},{"arcs":[[-802,1841,1842,1843,-1816,-1813,-1795,1844,1845]],"type":"Polygon","properties":{"key":"West Bengal|Purulia","district":"Purulia","st_nm":"West Bengal","dt_code":"340"}},{"arcs":[[-709,1846,-1756,-1776,-1820,-1841,1847]],"type":"Polygon","properties":{"key":"Madhya Pradesh|Sehore","district":"Sehore","st_nm":"Madhya Pradesh","dt_code":"445"}},{"arcs":[[-1712,1848,-1817,-1844,1849,1850,1851,1852,-1805]],"type":"Polygon","properties":{"key":"Jharkhand|Ranchi","district":"Ranchi","st_nm":"Jharkhand","dt_code":"364"}},{"arcs":[[-688,-803,-1846,1853,-1822,1854]],"type":"Polygon","properties":{"key":"West Bengal|Bankura","district":"Bankura","st_nm":"West Bengal","dt_code":"339"}},{"arcs":[[-1806,-1853,1855]],"type":"Polygon","properties":{"key":"Jharkhand|Lohardaga","district":"Lohardaga","st_nm":"Jharkhand","dt_code":"356"}},{"arcs":[[-682,1856,1857,1858,-795]],"type":"Polygon","properties":{"key":"Gujarat|Panchmahal","district":"Panchmahal","st_nm":"Gujarat","dt_code":"484"}},{"arcs":[[-694,1859,-1754,-1792,-1804,1860,1861]],"type":"Polygon","properties":{"key":"Madhya Pradesh|Jabalpur","district":"Jabalpur","st_nm":"Madhya Pradesh","dt_code":"451"}},{"arcs":[[-1807,-1856,-1852,1862,1863,1864,1865]],"type":"Polygon","properties":{"key":"Jharkhand|Gumla","district":"Gumla","st_nm":"Jharkhand","dt_code":"366"}},{"arcs":[[-699,-796,-1859,1866,-1800,1867]],"type":"Polygon","properties":{"key":"Gujarat|Dahod","district":"Dahod","st_nm":"Gujarat","dt_code":"485"}},{"arcs":[[-708,-742,-714,1868,-1827,-1757,-1847]],"type":"Polygon","properties":{"key":"Madhya Pradesh|Dewas","district":"Dewas","st_nm":"Madhya Pradesh","dt_code":"437"}},{"arcs":[[-825,1869,-1802,-1779,-1824]],"type":"Polygon","properties":{"key":"Madhya Pradesh|Anuppur","district":"Anuppur","st_nm":"Madhya Pradesh","dt_code":"461"}},{"arcs":[[-700,-1868,-1799,-1811,1870]],"type":"Polygon","properties":{"key":"Madhya Pradesh|Jhabua","district":"Jhabua","st_nm":"Madhya Pradesh","dt_code":"464"}},{"arcs":[[-642,1871,1872,1873,-1782,1874]],"type":"Polygon","properties":{"key":"West Bengal|North 24 Parganas","district":"North 24 Parganas","st_nm":"West Bengal","dt_code":"337"}},{"arcs":[[-741,1875,-1861,-1803,-1870,-824,-789]],"type":"Polygon","properties":{"key":"Madhya Pradesh|Dindori","district":"Dindori","st_nm":"Madhya Pradesh","dt_code":"453"}},{"arcs":[[-683,-1855,-1821,-1783,-1874,1876]],"type":"Polygon","properties":{"key":"West Bengal|Hooghly","district":"Hooghly","st_nm":"West Bengal","dt_code":"338"}},{"arcs":[[-1851,1877,1878,1879,-1863]],"type":"Polygon","properties":{"key":"Jharkhand|Khunti","district":"Khunti","st_nm":"Jharkhand","dt_code":"365"}},{"arcs":[[-693,-705,1880,-1839,-1718,-1755,-1860]],"type":"Polygon","properties":{"key":"Madhya Pradesh|Narsinghpur","district":"Narsinghpur","st_nm":"Madhya Pradesh","dt_code":"452"}},{"arcs":[[-695,-1871,-1810,-1829,1881,-712,-759]],"type":"Polygon","properties":{"key":"Madhya Pradesh|Dhar","district":"Dhar","st_nm":"Madhya Pradesh","dt_code":"438"}},{"arcs":[[-732,-823,1882,1883,-1865,1884]],"type":"Polygon","properties":{"key":"Chhattisgarh|Jashpur","district":"Jashpur","st_nm":"Chhattisgarh","dt_code":"402"}},{"arcs":[[-713,-1882,-1828,-1869]],"type":"Polygon","properties":{"key":"Madhya Pradesh|Indore","district":"Indore","st_nm":"Madhya Pradesh","dt_code":"439"}},{"arcs":[[-723,1885,-1878,-1850,-1843,1886]],"type":"Polygon","properties":{"key":"Jharkhand|Saraikela-Kharsawan","district":"Saraikela-Kharsawan","st_nm":"Jharkhand","dt_code":"369"}},{"arcs":[[-689,-1862,-1876,-740,-751]],"type":"Polygon","properties":{"key":"Madhya Pradesh|Mandla","district":"Mandla","st_nm":"Madhya Pradesh","dt_code":"454"}},{"arcs":[[-724,-1887,-1842,-801]],"type":"Polygon","properties":{"key":"Jharkhand|East Singhbhum","district":"East Singhbhum","st_nm":"Jharkhand","dt_code":"357"}},{"arcs":[[-704,-811,-710,-1848,-1840,-1881]],"type":"Polygon","properties":{"key":"Madhya Pradesh|Hoshangabad","district":"Hoshangabad","st_nm":"Madhya Pradesh","dt_code":"449"}},{"arcs":[[-763,-827,-1826,1887,1888,-821]],"type":"Polygon","properties":{"key":"Chhattisgarh|Korba","district":"Korba","st_nm":"Chhattisgarh","dt_code":"404"}},{"arcs":[[-722,-767,-734,1889,-1879,-1886]],"type":"Polygon","properties":{"key":"Jharkhand|West Singhbhum","district":"West Singhbhum","st_nm":"Jharkhand","dt_code":"368"}},{"arcs":[[-640,1890,-716,-684,-1877,-1873,1891]],"type":"Polygon","properties":{"key":"West Bengal|Howrah","district":"Howrah","st_nm":"West Bengal","dt_code":"341"}},{"arcs":[[-733,-1885,-1864,-1880,-1890]],"type":"Polygon","properties":{"key":"Jharkhand|Simdega","district":"Simdega","st_nm":"Jharkhand","dt_code":"367"}},{"arcs":[[-641,-1892,-1872]],"type":"Polygon","properties":{"key":"West Bengal|Kolkata","district":"Kolkata","st_nm":"West Bengal","dt_code":"342"}},{"arcs":[[-1654,-1693,1892,-1658]],"type":"Polygon","properties":{"key":"Jharkhand|Koderma","district":"Koderma","st_nm":"Jharkhand","dt_code":"348"}},{"arcs":[[-1659,-1893,-1692,-1815,-1818,-1849,-1711]],"type":"Polygon","properties":{"key":"Jharkhand|Hazaribagh","district":"Hazaribagh","st_nm":"Jharkhand","dt_code":"360"}},{"arcs":[[-1475,1893,1894,1895]],"type":"Polygon","properties":{"key":"Bihar|Vaishali","district":"Vaishali","st_nm":"Bihar","dt_code":"220"}},{"arcs":[[-1473,-1544,-1687,1896,1897]],"type":"Polygon","properties":{"key":"Bihar|Begusarai","district":"Begusarai","st_nm":"Bihar","dt_code":"222"}},{"arcs":[[-1504,-1599,-1616,-1639,-1685,-1542,1898,1899]],"type":"Polygon","properties":{"key":"Bihar|Bhagalpur","district":"Bhagalpur","st_nm":"Bihar","dt_code":"224"}},{"arcs":[[-1630,1900,1901,1902,-1897,-1686]],"type":"Polygon","properties":{"key":"Bihar|Lakhisarai","district":"Lakhisarai","st_nm":"Bihar","dt_code":"227"}},{"arcs":[[-1629,-1657,1903,-1901]],"type":"Polygon","properties":{"key":"Bihar|Sheikhpura","district":"Sheikhpura","st_nm":"Bihar","dt_code":"228"}},{"arcs":[[-1547,1904,1905,-1663,1906,-1602]],"type":"Polygon","properties":{"key":"Bihar|Arwal","district":"Arwal","st_nm":"Bihar","dt_code":"240"}},{"arcs":[[-1664,-1906,1907,1908]],"type":"Polygon","properties":{"key":"Bihar|Jehanabad","district":"Jehanabad","st_nm":"Bihar","dt_code":"239"}},{"arcs":[[-1656,-1665,-1909,1909,-1902,-1904]],"type":"Polygon","properties":{"key":"Bihar|Nalanda","district":"Nalanda","st_nm":"Bihar","dt_code":"229"}},{"arcs":[[-1474,-1898,-1903,-1910,-1908,-1905,-1546,1910,-1894]],"type":"Polygon","properties":{"key":"Bihar|Patna","district":"Patna","st_nm":"Bihar","dt_code":"230"}},{"arcs":[[-1432,1911,-1895,-1911,-1545,-1455,1912]],"type":"Polygon","properties":{"key":"Bihar|Saran","district":"Saran","st_nm":"Bihar","dt_code":"219"}},{"arcs":[[-1407,-1433,-1913,-1454]],"type":"Polygon","properties":{"key":"Bihar|Siwan","district":"Siwan","st_nm":"Bihar","dt_code":"218"}},{"arcs":[[-1371,-1418,-1413,-1572,-1476,-1896,-1912,-1431]],"type":"Polygon","properties":{"key":"Bihar|Muzaffarpur","district":"Muzaffarpur","st_nm":"Bihar","dt_code":"216"}},{"arcs":[[-1541,-1575,1913,1914,1915,-1899]],"type":"Polygon","properties":{"key":"Bihar|Madhepura","district":"Madhepura","st_nm":"Bihar","dt_code":"213"}},{"arcs":[[-1915,1916,1917,1918,1919]],"type":"Polygon","properties":{"key":"Bihar|Araria","district":"Araria","st_nm":"Bihar","dt_code":"209"}},{"arcs":[[-1574,1920,1921,-1917,-1914]],"type":"Polygon","properties":{"key":"Bihar|Supaul","district":"Supaul","st_nm":"Bihar","dt_code":"208"}},{"arcs":[[-1411,1922,-1921,-1573,-1570]],"type":"Polygon","properties":{"key":"Bihar|Madhubani","district":"Madhubani","st_nm":"Bihar","dt_code":"207"}},{"arcs":[[-1505,-1900,-1916,-1920,1923,1924]],"type":"Polygon","properties":{"key":"Bihar|Purnia","district":"Purnia","st_nm":"Bihar","dt_code":"211"}},{"arcs":[[-1698,1925,1926,-1888,-1825]],"type":"Polygon","properties":{"key":"Chhattisgarh|Surajpur","district":"Surajpur","st_nm":"Chhattisgarh","dt_code":"715"}},{"arcs":[[-822,-1889,-1927,1927,-1883]],"type":"Polygon","properties":{"key":"Chhattisgarh|Surguja","district":"Surguja","st_nm":"Chhattisgarh","dt_code":"401"}},{"arcs":[[-1611,-1790,1928,1929,-1832,1930]],"type":"Polygon","properties":{"key":"Gujarat|Aravalli","district":"Aravalli","st_nm":"Gujarat","dt_code":"725"}},{"arcs":[[-1789,-1801,-1867,-1858,1931,-1929]],"type":"Polygon","properties":{"key":"Gujarat|Mahisagar","district":"Mahisagar","st_nm":"Gujarat","dt_code":"730"}},{"arcs":[[-1329,-1395,-1423,1932,-1435]],"type":"Polygon","properties":{"key":"Uttar Pradesh|Amethi","district":"Amethi","st_nm":"Uttar Pradesh","dt_code":"706"}},{"arcs":[[-1163,-1192,-1171,1933,1934]],"type":"Polygon","properties":{"key":"Uttar Pradesh|Ghaziabad","district":"Ghaziabad","st_nm":"Uttar Pradesh","dt_code":"140"}},{"arcs":[[-1669,-1777,-1759,-1830]],"type":"Polygon","properties":{"key":"Madhya Pradesh|Agar Malwa","district":"Agar Malwa","st_nm":"Madhya Pradesh","dt_code":"724"}},{"arcs":[[-1151,1935,-1219,-1248,-1186]],"type":"Polygon","properties":{"key":"Uttar Pradesh|Sambhal","district":"Sambhal","st_nm":"Uttar Pradesh","dt_code":"754"}},{"arcs":[[-1174,-1214,-1207,1936,1937]],"type":"Polygon","properties":{"key":"Haryana|Charkhi Dadri","district":"Charkhi Dadri","st_nm":"Haryana","dt_code":"765"}},{"arcs":[[-940,1938,-1352,1939]],"type":"Polygon","properties":{"key":"West Bengal|Alipurduar","district":"Alipurduar","st_nm":"West Bengal","dt_code":"774"}},{"arcs":[[-1702,-1823,-1854,-1845,-1794,-1785]],"type":"Polygon","properties":{"key":"West Bengal|Paschim Bardhaman","district":"Paschim Bardhaman","st_nm":"West Bengal","dt_code":"777"}},{"arcs":[[-1296,-1299,1940,-1350,-1332]],"type":"Polygon","properties":{"key":"West Bengal|Kalimpong","district":"Kalimpong","st_nm":"West Bengal","dt_code":"775"}},{"arcs":[[[-1260,-1417,-1471,1941,-1469,1942,-1424,-1278]],[[-1426,1943]]],"type":"MultiPolygon","properties":{"key":"Rajasthan|Ajmer","district":"Ajmer","st_nm":"Rajasthan","dt_code":"119"}},{"arcs":[[-939,-966,1944,-1353,-1939]],"type":"Polygon","properties":{"key":"West Bengal|Cooch Behar","district":"Cooch Behar","st_nm":"West Bengal","dt_code":"329"}},{"arcs":[[-1335,1945,-1559,-1560,-1506,-1925,1946]],"type":"Polygon","properties":{"key":"West Bengal|Uttar Dinajpur","district":"Uttar Dinajpur","st_nm":"West Bengal","dt_code":"330"}},{"arcs":[[[-1400,-1515,-1516,-1443]],[[-1513,-1624,-1517]]],"type":"MultiPolygon","properties":{"key":"Madhya Pradesh|Datia","district":"Datia","st_nm":"Madhya Pradesh","dt_code":"422"}},{"arcs":[[[-1425,-1943,-1468,1947,-1607,-1427,-1944]],[[-1470,-1942]]],"type":"MultiPolygon","properties":{"key":"Rajasthan|Rajsamand","district":"Rajsamand","st_nm":"Rajasthan","dt_code":"123"}},{"arcs":[[-1508,1948,-1530,1949]],"type":"Polygon","properties":{"key":"Uttar Pradesh|Mahoba","district":"Mahoba","st_nm":"Uttar Pradesh","dt_code":"169"}},{"arcs":[[-1509,-1950,-1529,1950,-1751,-1716,-1621,-1564]],"type":"Polygon","properties":{"key":"Madhya Pradesh|Chhatarpur","district":"Chhatarpur","st_nm":"Madhya Pradesh","dt_code":"425"}},{"arcs":[[[-1465,-1501,-1525,-1684,-1632]],[[-1467,-1635,1951,-1608,-1948]]],"type":"MultiPolygon","properties":{"key":"Rajasthan|Chittorgarh","district":"Chittorgarh","st_nm":"Rajasthan","dt_code":"126"}},{"arcs":[[-1528,-1647,-1793,-1752,-1951]],"type":"Polygon","properties":{"key":"Madhya Pradesh|Panna","district":"Panna","st_nm":"Madhya Pradesh","dt_code":"426"}},{"arcs":[[-1577,-1612,-1931,-1831,-1771,1952,1953,1954,1955,1956,1957,1958,1959,1960,1961]],"type":"Polygon","properties":{"key":"Gujarat|Sabarkantha","district":"Sabarkantha","st_nm":"Gujarat","dt_code":"472"}},{"arcs":[[-1391,-1499,1962,1963,1964,1965,1966,1967,1968,1969,1970,1971,1972,1973,1974,1975,1976,1977,1978,1979,1980,-1749,1981,1982,1983]],"type":"Polygon","properties":{"key":"Gujarat|Kutch","district":"Kutch","st_nm":"Gujarat","dt_code":"468"}},{"arcs":[[-792,-807,1984,-1982,-1748,-1774,-1835]],"type":"Polygon","properties":{"key":"Gujarat|Surendranagar","district":"Surendranagar","st_nm":"Gujarat","dt_code":"475"}},{"arcs":[[-681,1985,-1836,-1833,-1930,-1932,-1857]],"type":"Polygon","properties":{"key":"Gujarat|Kheda","district":"Kheda","st_nm":"Gujarat","dt_code":"483"}},{"arcs":[[-680,1986,-1837,-1986]],"type":"Polygon","properties":{"key":"Gujarat|Anand","district":"Anand","st_nm":"Gujarat","dt_code":"482"}},{"arcs":[[-1336,-1947,-1924,-1919,1987]],"type":"Polygon","properties":{"key":"Bihar|Kishanganj","district":"Kishanganj","st_nm":"Bihar","dt_code":"210"}},{"arcs":[[-806,-816,1988,-1983,-1985]],"type":"Polygon","properties":{"key":"Gujarat|Morbi","district":"Morbi","st_nm":"Gujarat","dt_code":"727"}},{"arcs":[[1989,1990,1991,1992,1993,1994,1995]],"type":"Polygon","properties":{"key":"Ladakh|Leh","district":"Leh","st_nm":"Ladakh","dt_code":"003"}},{"arcs":[[-1991,1996,1997,1998,1999]],"type":"Polygon","properties":{"key":"Ladakh|Kargil","district":"Kargil","st_nm":"Ladakh","dt_code":"004"}},{"arcs":[[-1994,2000,2001,2002]],"type":"Polygon","properties":{"key":"Jammu and Kashmir|Kupwara","district":"Kupwara","st_nm":"Jammu and Kashmir","dt_code":"001"}},{"arcs":[[-1993,2003,2004,2005,-2001]],"type":"Polygon","properties":{"key":"Jammu and Kashmir|Bandipora","district":"Bandipora","st_nm":"Jammu and Kashmir","dt_code":"009"}},{"arcs":[[-2002,-2006,2006,2007,2008,2009]],"type":"Polygon","properties":{"key":"Jammu and Kashmir|Baramulla","district":"Baramulla","st_nm":"Jammu and Kashmir","dt_code":"008"}},{"arcs":[[-1992,-2000,2010,2011,-2004]],"type":"Polygon","properties":{"key":"Jammu and Kashmir|Ganderbal","district":"Ganderbal","st_nm":"Jammu and Kashmir","dt_code":"011"}},{"arcs":[[-1999,2012,2013,2014,2015,2016,2017,2018,-2011]],"type":"Polygon","properties":{"key":"Jammu and Kashmir|Anantnag","district":"Anantnag","st_nm":"Jammu and Kashmir","dt_code":"014"}},{"arcs":[[-1998,2019,2020,2021,-2013]],"type":"Polygon","properties":{"key":"Jammu and Kashmir|Kishtwar","district":"Kishtwar","st_nm":"Jammu and Kashmir","dt_code":"018"}},{"arcs":[[-2005,-2012,-2019,2022,2023,-2007]],"type":"Polygon","properties":{"key":"Jammu and Kashmir|Srinagar","district":"Srinagar","st_nm":"Jammu and Kashmir","dt_code":"010"}},{"arcs":[[-2008,-2024,2024,2025,2026,2027]],"type":"Polygon","properties":{"key":"Jammu and Kashmir|Budgam","district":"Budgam","st_nm":"Jammu and Kashmir","dt_code":"002"}},{"arcs":[[-2018,2028,-2025,-2023]],"type":"Polygon","properties":{"key":"Jammu and Kashmir|Pulwama","district":"Pulwama","st_nm":"Jammu and Kashmir","dt_code":"012"}},{"arcs":[[-2009,-2028,2029,2030,2031,2032,2033]],"type":"Polygon","properties":{"key":"Jammu and Kashmir|Punch","district":"Punch","st_nm":"Jammu and Kashmir","dt_code":"005"}},{"arcs":[[-2017,2034,-2026,-2029]],"type":"Polygon","properties":{"key":"Jammu and Kashmir|Shopiyan","district":"Shopiyan","st_nm":"Jammu and Kashmir","dt_code":"013"}},{"arcs":[[-2016,2035,2036,2037,-2030,-2027,-2035]],"type":"Polygon","properties":{"key":"Jammu and Kashmir|Kulgam","district":"Kulgam","st_nm":"Jammu and Kashmir","dt_code":"015"}},{"arcs":[[-2031,-2038,2038,2039,2040]],"type":"Polygon","properties":{"key":"Jammu and Kashmir|Rajouri","district":"Rajouri","st_nm":"Jammu and Kashmir","dt_code":"006"}},{"arcs":[[-2015,2041,2042,2043,-2036]],"type":"Polygon","properties":{"key":"Jammu and Kashmir|Ramban","district":"Ramban","st_nm":"Jammu and Kashmir","dt_code":"017"}},{"arcs":[[-2037,-2044,2044,2045,-2039]],"type":"Polygon","properties":{"key":"Jammu and Kashmir|Reasi","district":"Reasi","st_nm":"Jammu and Kashmir","dt_code":"020"}},{"arcs":[[-2014,-2022,2046,2047,2048,-2042]],"type":"Polygon","properties":{"key":"Jammu and Kashmir|Doda","district":"Doda","st_nm":"Jammu and Kashmir","dt_code":"016"}},{"arcs":[[-1990,2049,2050,2051,2052,2053,-2020,-1997]],"type":"Polygon","properties":{"key":"Himachal Pradesh|Lahaul and Spiti","district":"Lahaul and Spiti","st_nm":"Himachal Pradesh","dt_code":"025"}},{"arcs":[[-2021,-2054,2054,2055,2056,-2047]],"type":"Polygon","properties":{"key":"Himachal Pradesh|Chamba","district":"Chamba","st_nm":"Himachal Pradesh","dt_code":"023"}},{"arcs":[[-2040,-2046,2057,2058,2059,2060]],"type":"Polygon","properties":{"key":"Jammu and Kashmir|Jammu","district":"Jammu","st_nm":"Jammu and Kashmir","dt_code":"021"}},{"arcs":[[-2048,-2057,2061,2062,2063,2064]],"type":"Polygon","properties":{"key":"Jammu and Kashmir|Kathua","district":"Kathua","st_nm":"Jammu and Kashmir","dt_code":"007"}},{"arcs":[[2065,2066,2067,2068,2069,2070]],"type":"Polygon","properties":{"key":"Punjab|Gurdaspur","district":"Gurdaspur","st_nm":"Punjab","dt_code":"035"}},{"arcs":[[-2053,2071,2072,2073,2074,2075,-2067,2076,-2055]],"type":"Polygon","properties":{"key":"Himachal Pradesh|Kangra","district":"Kangra","st_nm":"Himachal Pradesh","dt_code":"024"}},{"arcs":[[-2052,2077,2078,2079,-2072]],"type":"Polygon","properties":{"key":"Himachal Pradesh|Kullu","district":"Kullu","st_nm":"Himachal Pradesh","dt_code":"026"}},{"arcs":[[-2068,-2076,2080,2081,2082,2083,2084,2085]],"type":"Polygon","properties":{"key":"Punjab|Hoshiarpur","district":"Hoshiarpur","st_nm":"Punjab","dt_code":"038"}},{"arcs":[[-2070,2086,2087,2088]],"type":"Polygon","properties":{"key":"Punjab|Amritsar","district":"Amritsar","st_nm":"Punjab","dt_code":"049"}},{"arcs":[[-2073,-2080,2089,2090,2091,2092]],"type":"Polygon","properties":{"key":"Himachal Pradesh|Mandi","district":"Mandi","st_nm":"Himachal Pradesh","dt_code":"027"}},{"arcs":[[-2051,2093,2094,2095,-2078]],"type":"Polygon","properties":{"key":"Himachal Pradesh|Kinnaur","district":"Kinnaur","st_nm":"Himachal Pradesh","dt_code":"034"}},{"arcs":[[-2075,2096,2097,2098,-2081]],"type":"Polygon","properties":{"key":"Himachal Pradesh|Una","district":"Una","st_nm":"Himachal Pradesh","dt_code":"029"}},{"arcs":[[-2079,-2096,2099,2100,2101,2102,-2090]],"type":"Polygon","properties":{"key":"Himachal Pradesh|Shimla","district":"Shimla","st_nm":"Himachal Pradesh","dt_code":"033"}},{"arcs":[[-2085,2103,2104,2105,2106,2107,2108]],"type":"Polygon","properties":{"key":"Punjab|Jalandhar","district":"Jalandhar","st_nm":"Punjab","dt_code":"037"}},{"arcs":[[-2088,2109,2110,2111]],"type":"Polygon","properties":{"key":"Punjab|Tarn Taran","district":"Tarn Taran","st_nm":"Punjab","dt_code":"050"}},{"arcs":[[-2082,-2099,2112,2113,2114,2115,2116,2117]],"type":"Polygon","properties":{"key":"Punjab|Rupnagar","district":"Rupnagar","st_nm":"Punjab","dt_code":"051"}},{"arcs":[[-2095,2118,2119,2120,2121,2122,-2100]],"type":"Polygon","properties":{"key":"Uttarakhand|Uttarkashi","district":"Uttarkashi","st_nm":"Uttarakhand","dt_code":"056"}},{"arcs":[[-2091,-2103,2123,2124,2125,-2114,2126]],"type":"Polygon","properties":{"key":"Himachal Pradesh|Solan","district":"Solan","st_nm":"Himachal Pradesh","dt_code":"031"}},{"arcs":[[-2083,-2118,2127,-2105,2128]],"type":"Polygon","properties":{"key":"Punjab|Shahid Bhagat Singh Nagar","district":"Shahid Bhagat Singh Nagar","st_nm":"Punjab","dt_code":"039"}},{"arcs":[[2129,2130,2131,2132,2133]],"type":"Polygon","properties":{"key":"Punjab|Fazilka","district":"Fazilka","st_nm":"Punjab","dt_code":"701"}},{"arcs":[[-2107,2134,2135,2136,2137,2138]],"type":"Polygon","properties":{"key":"Punjab|Moga","district":"Moga","st_nm":"Punjab","dt_code":"042"}},{"arcs":[[-2106,-2128,-2117,2139,2140,2141,-2135]],"type":"Polygon","properties":{"key":"Punjab|Ludhiana","district":"Ludhiana","st_nm":"Punjab","dt_code":"041"}},{"arcs":[[-2120,2142,2143,2144,2145,2146,2147]],"type":"Polygon","properties":{"key":"Uttarakhand|Chamoli","district":"Chamoli","st_nm":"Uttarakhand","dt_code":"057"}},{"arcs":[[-2101,-2123,2148,2149,2150,2151,2152]],"type":"Polygon","properties":{"key":"Uttarakhand|Dehradun","district":"Dehradun","st_nm":"Uttarakhand","dt_code":"060"}},{"arcs":[[-2102,-2153,2153,2154,2155,2156,-2124]],"type":"Polygon","properties":{"key":"Himachal Pradesh|Sirmaur","district":"Sirmaur","st_nm":"Himachal Pradesh","dt_code":"032"}},{"arcs":[[-2115,-2126,2157,2158,2159,2160,2161,2162]],"type":"Polygon","properties":{"key":"Punjab|S.A.S. Nagar","district":"S.A.S. Nagar","st_nm":"Punjab","dt_code":"052"}},{"arcs":[[-2138,2163,2164,2165]],"type":"Polygon","properties":{"key":"Punjab|Faridkot","district":"Faridkot","st_nm":"Punjab","dt_code":"045"}},{"arcs":[[-2116,-2163,2166,2167,-2140]],"type":"Polygon","properties":{"key":"Punjab|Fatehgarh Sahib","district":"Fatehgarh Sahib","st_nm":"Punjab","dt_code":"040"}},{"arcs":[[-2122,2168,2169,-2149]],"type":"Polygon","properties":{"key":"Uttarakhand|Tehri Garhwal","district":"Tehri Garhwal","st_nm":"Uttarakhand","dt_code":"059"}},{"arcs":[[-2159,2170]],"type":"Polygon","properties":{"key":"Chandigarh|Chandigarh","district":"Chandigarh","st_nm":"Chandigarh","dt_code":"055"}},{"arcs":[[-2134,2171,-2165,2172,2173,2174]],"type":"Polygon","properties":{"key":"Punjab|Sri Muktsar Sahib","district":"Sri Muktsar Sahib","st_nm":"Punjab","dt_code":"044"}},{"arcs":[[-2121,-2148,2175,-2169]],"type":"Polygon","properties":{"key":"Uttarakhand|Rudraprayag","district":"Rudraprayag","st_nm":"Uttarakhand","dt_code":"058"}},{"arcs":[[-2144,2176,2177,2178,2179]],"type":"Polygon","properties":{"key":"Uttarakhand|Pithoragarh","district":"Pithoragarh","st_nm":"Uttarakhand","dt_code":"062"}},{"arcs":[[-2141,-2168,2180,2181,2182,2183,2184]],"type":"Polygon","properties":{"key":"Punjab|Sangrur","district":"Sangrur","st_nm":"Punjab","dt_code":"053"}},{"arcs":[[-2136,-2142,-2185,2185,2186]],"type":"Polygon","properties":{"key":"Punjab|Barnala","district":"Barnala","st_nm":"Punjab","dt_code":"054"}},{"arcs":[[-2137,-2187,2187,2188,-2173,-2164]],"type":"Polygon","properties":{"key":"Punjab|Bathinda","district":"Bathinda","st_nm":"Punjab","dt_code":"046"}},{"arcs":[[-2162,2189,2190,2191,2192,-2181,-2167]],"type":"Polygon","properties":{"key":"Punjab|Patiala","district":"Patiala","st_nm":"Punjab","dt_code":"048"}},{"arcs":[[-2155,2193,2194,2195,2196]],"type":"Polygon","properties":{"key":"Haryana|Yamunanagar","district":"Yamunanagar","st_nm":"Haryana","dt_code":"071"}},{"arcs":[[-2152,2197,2198,2199,2200,-2194,-2154]],"type":"Polygon","properties":{"key":"Uttar Pradesh|Saharanpur","district":"Saharanpur","st_nm":"Uttar Pradesh","dt_code":"132"}},{"arcs":[[-2131,2201,2202,2203]],"type":"Polygon","properties":{"key":"Rajasthan|Ganganagar","district":"Ganganagar","st_nm":"Rajasthan","dt_code":"099"}},{"arcs":[[-2184,2204,2205,-2188,-2186]],"type":"Polygon","properties":{"key":"Punjab|Mansa","district":"Mansa","st_nm":"Punjab","dt_code":"047"}},{"arcs":[[-2191,2206,-2196,2207,2208]],"type":"Polygon","properties":{"key":"Haryana|Kurukshetra","district":"Kurukshetra","st_nm":"Haryana","dt_code":"072"}},{"arcs":[[-2145,-2180,2209]],"type":"Polygon","properties":{"key":"Uttarakhand|Bageshwar","district":"Bageshwar","st_nm":"Uttarakhand","dt_code":"063"}},{"arcs":[[-2151,2210,2211,2212,-2198]],"type":"Polygon","properties":{"key":"Uttarakhand|Haridwar","district":"Haridwar","st_nm":"Uttarakhand","dt_code":"068"}},{"arcs":[[-2147,2213,2214,2215,-2211,-2150,-2170,-2176]],"type":"Polygon","properties":{"key":"Uttarakhand|Pauri Garhwal","district":"Pauri Garhwal","st_nm":"Uttarakhand","dt_code":"061"}},{"arcs":[[-2192,-2209,2216,2217]],"type":"Polygon","properties":{"key":"Haryana|Kaithal","district":"Kaithal","st_nm":"Haryana","dt_code":"073"}},{"arcs":[[-2174,-2189,-2206,2218,2219]],"type":"Polygon","properties":{"key":"Haryana|Sirsa","district":"Sirsa","st_nm":"Haryana","dt_code":"079"}},{"arcs":[[-1160,2220,-2202,-2130,-2175,-2220,2221,2222,2223]],"type":"Polygon","properties":{"key":"Rajasthan|Hanumangarh","district":"Hanumangarh","st_nm":"Rajasthan","dt_code":"100"}},{"arcs":[[-2195,-2201,2224,2225,2226,-2217,-2208]],"type":"Polygon","properties":{"key":"Haryana|Karnal","district":"Karnal","st_nm":"Haryana","dt_code":"074"}},{"arcs":[[-2146,-2210,-2179,2227,2228,-2214]],"type":"Polygon","properties":{"key":"Uttarakhand|Almora","district":"Almora","st_nm":"Uttarakhand","dt_code":"064"}},{"arcs":[[-2182,-2193,-2218,-2227,2229,2230,2231,2232,2233]],"type":"Polygon","properties":{"key":"Haryana|Jind","district":"Jind","st_nm":"Haryana","dt_code":"077"}},{"arcs":[[-2183,-2234,2234,-2222,-2219,-2205]],"type":"Polygon","properties":{"key":"Haryana|Fatehabad","district":"Fatehabad","st_nm":"Haryana","dt_code":"078"}},{"arcs":[[-1149,2235,2236,-2212,-2216,2237,2238,2239]],"type":"Polygon","properties":{"key":"Uttar Pradesh|Bijnor","district":"Bijnor","st_nm":"Uttar Pradesh","dt_code":"134"}},{"arcs":[[-2199,-2213,-2237,2240,2241,2242]],"type":"Polygon","properties":{"key":"Uttar Pradesh|Muzaffarnagar","district":"Muzaffarnagar","st_nm":"Uttar Pradesh","dt_code":"133"}},{"arcs":[[-2223,-2235,-2233,2243,2244]],"type":"Polygon","properties":{"key":"Haryana|Hisar","district":"Hisar","st_nm":"Haryana","dt_code":"080"}},{"arcs":[[-2215,-2229,2245,2246,-2238]],"type":"Polygon","properties":{"key":"Uttarakhand|Nainital","district":"Nainital","st_nm":"Uttarakhand","dt_code":"066"}},{"arcs":[[-2226,2247,2248,2249,-2230]],"type":"Polygon","properties":{"key":"Haryana|Panipat","district":"Panipat","st_nm":"Haryana","dt_code":"075"}},{"arcs":[[-2178,2250,2251,-2246,-2228]],"type":"Polygon","properties":{"key":"Uttarakhand|Champawat","district":"Champawat","st_nm":"Uttarakhand","dt_code":"065"}},{"arcs":[[-1181,2252,2253,-2239,-2247,-2252,2254,-1182]],"type":"Polygon","properties":{"key":"Uttarakhand|Udham Singh Nagar","district":"Udham Singh Nagar","st_nm":"Uttarakhand","dt_code":"067"}},{"arcs":[[-1169,-1176,2255,-2231,-2250,2256]],"type":"Polygon","properties":{"key":"Haryana|Sonipat","district":"Sonipat","st_nm":"Haryana","dt_code":"076"}},{"arcs":[[-1170,-2257,-2249,2257,-2242,2258,-1934]],"type":"Polygon","properties":{"key":"Uttar Pradesh|Baghpat","district":"Baghpat","st_nm":"Uttar Pradesh","dt_code":"139"}},{"arcs":[[-1154,-1164,-1935,-2259,-2241,-2236]],"type":"Polygon","properties":{"key":"Uttar Pradesh|Meerut","district":"Meerut","st_nm":"Uttar Pradesh","dt_code":"138"}},{"arcs":[[-1150,-2240,-2254,2259,-1220,-1936]],"type":"Polygon","properties":{"key":"Uttar Pradesh|Moradabad","district":"Moradabad","st_nm":"Uttar Pradesh","dt_code":"135"}},{"arcs":[[-1159,-1280,-1265,-1222,2260,-2203,-2221]],"type":"Polygon","properties":{"key":"Rajasthan|Bikaner","district":"Bikaner","st_nm":"Rajasthan","dt_code":"101"}},{"arcs":[[-1180,-1221,-2260,-2253]],"type":"Polygon","properties":{"key":"Uttar Pradesh|Rampur","district":"Rampur","st_nm":"Uttar Pradesh","dt_code":"136"}},{"arcs":[[-1155,-2224,-2245,2261,-1937,-1206,-1198]],"type":"Polygon","properties":{"key":"Haryana|Bhiwani","district":"Bhiwani","st_nm":"Haryana","dt_code":"081"}},{"arcs":[[-1175,-1938,-2262,-2244,-2232,-2256]],"type":"Polygon","properties":{"key":"Haryana|Rohtak","district":"Rohtak","st_nm":"Haryana","dt_code":"082"}},{"arcs":[[-2200,-2243,-2258,-2248,-2225]],"type":"Polygon","properties":{"key":"Uttar Pradesh|Shamli","district":"Shamli","st_nm":"Uttar Pradesh","dt_code":"704"}},{"arcs":[[-2108,-2139,-2166,-2172,-2133,2262,-2111,2263]],"type":"Polygon","properties":{"key":"Punjab|Ferozepur","district":"Ferozepur","st_nm":"Punjab","dt_code":"043"}},{"arcs":[[-2056,-2077,-2066,2264,-2062]],"type":"Polygon","properties":{"key":"Punjab|Pathankot","district":"Pathankot","st_nm":"Punjab","dt_code":"773"}},{"arcs":[[-2043,-2049,-2065,2265,-2058,-2045]],"type":"Polygon","properties":{"key":"Jammu and Kashmir|Udhampur","district":"Udhampur","st_nm":"Jammu and Kashmir","dt_code":"019"}},{"arcs":[[-2059,-2266,-2064,2266]],"type":"Polygon","properties":{"key":"Jammu and Kashmir|Samba","district":"Samba","st_nm":"Jammu and Kashmir","dt_code":"022"}},{"arcs":[[[-2069,-2086,-2109,-2264,-2110,-2087]],[[-2084,-2129,-2104]]],"type":"MultiPolygon","properties":{"key":"Punjab|Kapurthala","district":"Kapurthala","st_nm":"Punjab","dt_code":"036"}},{"arcs":[[-2125,-2157,2267,-2160,-2171,-2158]],"type":"Polygon","properties":{"key":"Haryana|Panchkula","district":"Panchkula","st_nm":"Haryana","dt_code":"069"}},{"arcs":[[-2156,-2197,-2207,-2190,-2161,-2268]],"type":"Polygon","properties":{"key":"Haryana|Ambala","district":"Ambala","st_nm":"Haryana","dt_code":"070"}},{"arcs":[[-1603,-1907,-1662,-1705]],"type":"Polygon","properties":{"key":"Bihar|Aurangabad","district":"Aurangabad","st_nm":"Bihar","dt_code":"235"}},{"arcs":[[-1678,-1715,-1808,-1866,-1884,-1928,-1926,-1697]],"type":"Polygon","properties":{"key":"Chhattisgarh|Balrampur","district":"Balrampur","st_nm":"Chhattisgarh","dt_code":"716"}},{"arcs":[[-1263,2268,-1312,-1324]],"type":"Polygon","properties":{"key":"Uttar Pradesh|Balrampur","district":"Balrampur","st_nm":"Uttar Pradesh","dt_code":"182"}},{"arcs":[[-1381,-1453,-1531,-1949,-1507,-1438,-1396]],"type":"Polygon","properties":{"key":"Uttar Pradesh|Hamirpur","district":"Hamirpur","st_nm":"Uttar Pradesh","dt_code":"168"}},{"arcs":[[-2074,-2093,2269,-2097]],"type":"Polygon","properties":{"key":"Himachal Pradesh|Hamirpur","district":"Hamirpur","st_nm":"Himachal Pradesh","dt_code":"028"}},{"arcs":[[-1609,-1952,-1634,-1683,-1812,-1797,-1787]],"type":"Polygon","properties":{"key":"Rajasthan|Pratapgarh","district":"Pratapgarh","st_nm":"Rajasthan","dt_code":"131"}},{"arcs":[[-1422,-1463,-1554,-1536,-1436,-1933]],"type":"Polygon","properties":{"key":"Uttar Pradesh|Pratapgarh","district":"Pratapgarh","st_nm":"Uttar Pradesh","dt_code":"173"}},{"arcs":[[-2092,-2127,-2113,-2098,-2270]],"type":"Polygon","properties":{"key":"Himachal Pradesh|Bilaspur","district":"Bilaspur","st_nm":"Himachal Pradesh","dt_code":"030"}},{"arcs":[[-1511,-1566,-1620]],"type":"Polygon","properties":{"key":"Madhya Pradesh|Niwari","district":"Niwari","st_nm":"Madhya Pradesh","dt_code":"782"}},{"arcs":[[-1995,-2003,-2010,-2034,2270]],"type":"Polygon","properties":{"key":"Jammu and Kashmir|Muzaffarabad","district":"Muzaffarabad","st_nm":"Jammu and Kashmir","dt_code":"992"}},{"arcs":[[-2032,-2041,-2061,2271]],"type":"Polygon","properties":{"key":"Jammu and Kashmir|Mirpur","district":"Mirpur","st_nm":"Jammu and Kashmir","dt_code":"991"}},{"arcs":[[-1480,2272,-1587,2273,2274,-1584,2275,-1582,2276,2277,-1579,2278,2279,-1961,2280,-1959,2281,-1957,2282,-1955,2283,-1953,2284,-1769,2285,-1767,2286,-1765,2287,-1763,2288,2289,-1744,2290,-1742,2291,-1740,2292,-1738,2293,-1736,2294,-1734,2295,-1732,2296,-1730,2297,-1728,2298,-1726,2299,-1724,2300,2301,2302,-1490,2303,-1488,2304,-1486,2305,-1484,2306,-1482,2307]],"type":"Polygon","properties":{"key":"Gujarat|Banaskantha","district":"Banaskantha","st_nm":"Gujarat","dt_code":"469"}},{"arcs":[[-1492,2308,-2302,2309,-1722,2310,-1750,-1981,2311,-1979,2312,-1977,2313,-1975,2314,-1973,2315,-1971,2316,-1969,2317,2318,-1966,2319,-1964,2320,-1498,2321,-1496,2322,-1494,2323]],"type":"Polygon","properties":{"key":"Gujarat|Vav-Tharad","district":"Vav-Tharad","st_nm":"Gujarat","dt_code":"746"}}]}}}